0,1,2
2.1658,4.1376,2.0396
1.952,7.1215,5.7523
1.0845,5.3174,4.4058
-0.6902,-2.3976,-1.2643
-2.5998,-10.5743,-5.8005
-2.6799,-12.1893,-5.1344
0.2224,-6.8193,-0.2058
3.8992,0.8196,4.7306
4.9748,7.7271,6.167
4.0734,13.6019,4.809
4.6569,18.6364,4.8657
6.6311,21.4082,7.7302
6.2063,16.352,8.391
1.8994,0.1692,2.4667
-3.384,-16.0435,-5.5614
-5.2751,-15.4307,-7.0846
-1.9044,-0.1014,-1.1836
2.998,10.9513,4.4012
3.5211,9.9129,4.2411
0.2027,4.9385,0.9386
-0.6981,-0.3297,-1.2582
2.5118,-7.5039,-1.6177
5.2662,-8.8216,0.0668
4.5875,2.5923,3.9723
1.7986,14.9868,6.7384
0.1074,14.2764,5.51
2.296,6.8722,3.7818
5.9597,5.149,4.6408
3.9522,5.5578,3.5803
-3.5467,-0.224,-2.4524
-6.1389,-8.0546,-6.9458
-0.5191,-9.1148,-4.5093
2.9103,-3.1294,-0.3852
-1.1227,2.8581,-0.624
-4.0234,2.8412,-2.2334
-0.1166,-0.7297,-0.0451
5.1324,1.3521,4.813
6.9511,9.6643,7.5473
5.4398,10.4547,5.0877
-0.3321,-2.6317,-1.5131
-8.2631,-14.4013,-6.6492
-9.526,-11.3288,-5.2547
-1.2846,-1.829,0.2393
6.0987,2.3087,3.0485
4.6693,4.0078,1.4185
0.5237,7.4082,-0.6825
1.3487,8.3077,-0.1915
3.9764,5.2298,2.0331
2.3687,0.6523,2.7926
-1.7828,-5.8392,0.1815
-3.6124,-10.233,-2.9796
-2.9532,-3.404,-2.2013
-1.7717,10.3593,1.6379
0.2713,13.0846,3.4261
2.5634,-0.2253,1.4366
1.8235,-12.9952,-1.3447
-1.7465,-10.7125,-2.1139
-3.2553,0.7803,-0.9834
-1.3415,6.0521,-0.0519
0.2976,1.2699,-0.6393
0.6264,-3.2378,-1.2843
1.4656,-0.4177,-0.1628
1.4195,3.3095,1.4101
-1.6111,-0.0598,0.8714
-5.7138,-7.4387,-2.0822
-8.8727,-12.2214,-6.413
-10.9692,-15.7375,-10.6327
-9.8065,-19.9114,-11.3848
-4.1451,-17.6998,-6.6841
1.1167,-5.0556,-0.7613
2.2136,7.0178,1.1056
3.1617,7.5293,0.8448
6.4701,2.6049,2.9582
6.3901,3.1866,5.3809
-0.2143,6.721,3.6142
-6.418,5.097,-0.4117
-6.1271,0.1324,-1.9534
-2.8309,-2.0516,-1.3996
-1.7689,-3.4795,-1.8592
-2.5444,-10.134,-3.7576
-3.8025,-20.0981,-6.3494
-6.6451,-23.4557,-9.256
-10.05,-15.3809,-10.6715
-10.0351,-5.6654,-9.2256
-5.5535,-6.398,-6.5327
-0.1846,-11.2982,-3.7665
2.5425,-4.0028,0.3175
2.3295,12.8235,5.0393
1.3924,19.0142,7.01
2.1379,9.0944,5.5951
4.4605,0.03,4.1443
5.2769,3.9365,4.6209
1.8734,11.7019,4.4084
-4.5409,8.2245,0.0406
-9.4443,-7.2664,-6.9777
-9.735,-21.3754,-10.9782
-7.3744,-23.4468,-9.9793
-6.5541,-17.4066,-8.515
-7.7497,-14.1529,-9.7962
-7.358,-15.3105,-10.0936
-3.0299,-11.7559,-5.0645
3.0914,0.9026,2.8118
6.6534,13.9312,7.6538
5.624,17.082,7.7248
2.1311,11.5518,5.4294
-0.7333,4.6714,2.1965
-3.2508,-3.4123,-2.8041
-7.9662,-17.3118,-9.4505
-14.0142,-30.9136,-14.3884
-15.9433,-29.3992,-13.4688
-10.666,-12.9693,-7.2492
-2.4576,-0.6233,-1.4043
2.9508,-0.9031,0.9308
5.7109,-0.0956,2.8347
8.0272,10.0869,6.166
7.7782,17.2676,7.0884
2.954,12.1507,3.499
-2.4824,3.3414,-0.6062
-4.4872,-2.1204,-2.594
-5.4227,-9.161,-4.7957
-7.6846,-16.6268,-6.8848
-7.2857,-13.3926,-4.2951
-1.4327,-0.2805,2.0343
4.2619,7.8526,4.8649
3.8184,6.0415,2.4095
-0.2541,2.8888,0.0134
-2.0495,1.8319,-0.1473
-0.4105,-0.3571,-0.177
-1.1742,-0.4632,-0.2478
-2.0676,-8.8693,-3.8171
-3.6261,-10.8238,-5.5842
-5.8919,-7.5787,-5.613
-7.1641,-5.3707,-4.8203
-4.2612,-4.6037,-2.2789
2.8744,1.371,3.2396
8.2669,12.458,8.6461
7.0399,17.2427,8.8033
2.5441,10.1555,4.1701
0.2944,1.4972,0.3593
0.1001,1.2144,0.0429
-0.4694,4.4528,0.5729
-1.6616,1.708,-1.0708
-3.6472,-7.1641,-4.6926
-6.3917,-15.754,-7.5295
-7.3538,-19.2398,-7.1154
-4.4483,-14.8746,-3.5574
0.5581,-1.9124,1.4528
4.4199,14.1966,6.5046
5.8395,23.4308,9.8645
5.3756,21.03,9.3928
3.4258,11.0627,4.702
-0.3858,-0.5417,-2.0735
-5.0707,-9.7599,-7.4672
-7.4411,-12.8217,-8.4311
-6.0228,-9.7317,-5.3074
-3.6944,-7.0503,-2.5002
-3.5398,-9.2751,-3.1143
-4.2317,-11.7329,-4.5703
-2.1461,-7.6662,-2.5953
3.3656,3.0222,2.7699
8.9915,14.9633,8.0077
11.2008,22.349,10.6507
8.8135,21.6975,10.0329
2.4246,12.8263,5.492
-5.1859,-0.7137,-2.1634
-9.0274,-12.2063,-8.4338
-7.3064,-16.5479,-9.2708
-4.7475,-15.7085,-6.6502
-4.9423,-14.4695,-4.8842
-4.0897,-11.256,-3.3675
1.3394,-0.5857,1.1884
7.1102,14.7605,7.3989
7.6727,21.4165,9.5124
4.0461,11.1228,4.8071
0.7379,-5.0217,-2.1689
-0.3612,-8.9065,-4.3799
-0.4523,-0.4507,-1.0669
-1.2041,4.4504,1.5059
-2.853,-0.5978,-0.6859
-4.174,-5.6586,-4.0423
-4.1447,-2.9419,-3.8176
-2.8639,1.7148,-1.2592
-0.7622,-0.4265,-0.3149
1.6233,-6.23,-0.6936
3.2109,-5.0776,0.6794
3.0142,3.2264,2.9525
1.0509,6.814,1.9585
-1.3458,0.3922,-2.1764
-1.8456,-6.6451,-3.7882
0.5848,-4.48,0.0173
3.4745,3.8623,4.6316
3.5255,8.0815,4.5392
1.0228,5.2882,0.9264
-1.126,2.8374,-1.0558
-1.1529,4.8643,0.0143
0.7492,4.0595,0.9113
2.5523,-5.3946,-0.8317
1.0239,-14.3473,-3.8555
-3.4013,-10.5607,-4.9125
-4.1696,1.3252,-2.2405
2.4312,6.3349,2.5057
9.1111,2.139,5.2388
7.0091,-0.0325,3.6476
-0.4122,4.4626,0.5129
-2.7855,8.2138,0.4667
1.2451,6.6746,3.278
3.6805,3.6162,3.7602
0.5381,-0.4799,-0.8363
-3.5797,-9.8997,-6.7097
-4.0266,-19.2955,-8.2466
-2.2577,-15.4183,-4.7723
-1.7297,0.0784,-0.8163
-2.1101,8.4274,-0.0908
-0.7353,2.0289,-1.0365
2.5102,-4.2151,0.3241
5.1924,1.9698,4.2538
5.9623,12.0517,6.7422
5.6688,13.4911,5.5987
5.5859,8.9422,3.5892
5.398,6.3141,3.0324
3.1868,2.789,1.6611
-1.0755,-5.8136,-1.9174
-3.7658,-11.007,-4.1318
-2.7779,-4.7792,-2.8818
-0.8429,3.6972,-1.5257
-0.0653,2.1887,-1.997
0.9422,-4.9753,-1.4336
1.9495,-6.7932,1.2075
0.6663,-2.989,2.6484
-1.5329,0.1898,1.2088
-0.723,0.7426,-0.6169
2.9228,0.7909,-0.2329
5.1952,2.5895,1.7811
4.1439,5.7394,2.9422
2.7323,6.5422,2.362
4.125,3.4367,1.5973
6.0596,0.6536,1.4615
3.7757,1.9732,1.0121
-1.4606,5.6587,0.7117
-3.1867,7.2889,1.7263
-0.4576,2.2584,1.6574
0.1494,-10.4754,-2.5246
-4.0347,-21.6282,-7.5233
-6.1618,-17.5665,-6.6752
-0.2064,1.7163,0.6719
8.9699,20.216,8.3196
11.4955,23.8569,10.3048
5.1688,13.1111,5.3954
-2.7498,-0.8682,-2.4442
-4.7651,-7.6254,-6.3529
-0.8292,-6.8723,-3.4722
2.4477,-5.9615,0.6162
-0.4268,-7.3472,-0.7548
-6.4427,-6.6834,-5.4896
-7.0044,-3.1231,-5.9004
0.382,0.2784,0.1015
2.1806,8.4617,3.3869
3.2425,12.2713,5.8967
-1.0365,9.0614,3.1992
-4.7554,5.0425,-0.5659
-2.7927,4.6546,-0.6526
-0.7585,0.3095,-0.2866
-3.3717,-9.4792,-2.9248
-5.8762,-11.1613,-4.8232
-3.3781,1.2341,-1.6835
1.9545,12.3563,3.7219
5.6944,8.4245,5.5183
6.0094,-0.4684,3.1486
4.1882,3.6619,1.9496
3.7719,18.8947,5.4605
6.4824,28.1922,10.2991
8.3202,23.7464,10.4605
4.4706,10.8059,4.7628
-2.1146,-3.0788,-1.751
-3.9675,-9.7292,-3.5433
-1.0239,-4.4416,-1.0119
-0.2917,3.9591,0.6132
-3.2492,2.9677,-0.9299
-4.0589,-4.0818,-2.3915
-0.7379,-5.5302,-1.3492
2.3539,-0.151,0.6912
3.5453,7.5955,3.144
5.8921,16.6864,7.4807
8.9483,21.6934,11.2064
7.0782,14.0267,8.4024
-0.4954,-1.059,-0.0844
-5.8139,-7.2487,-5.1274
-3.7726,-0.6138,-2.4576
0.3661,6.3708,1.329
0.7487,4.7035,0.3774
-0.871,-1.8312,-2.3506
-1.6387,-7.2059,-3.049
-2.4681,-10.8782,-3.4273
-2.901,-12.7731,-4.5802
-0.3207,-8.4143,-2.8348
3.8768,5.3246,3.5536
4.9726,20.8117,9.1719
2.5627,23.5794,7.9553
1.5072,10.6507,2.2839
3.9692,-2.7575,-0.0732
5.3042,-2.5347,2.513
1.2087,5.9695,3.8034
-4.6782,7.1173,0.1881
-5.7956,-3.994,-4.5653
-2.9373,-17.6875,-6.7516
-2.5557,-22.8253,-7.4725
-5.3868,-16.6076,-7.3746
-4.7433,-3.8684,-3.974
1.6393,6.9946,2.0392
6.2385,9.9616,4.9089
3.4231,7.4424,2.5849
-1.1644,5.7868,0.3815
-0.2774,4.7618,1.7677
3.046,0.6063,3.0298
2.0187,-3.3302,1.0532
-2.2165,-1.5765,-1.3978
-4.3231,1.8761,-1.8943
-3.7537,-0.4968,-2.3643
-2.7655,-7.6458,-4.1713
-1.5797,-13.6374,-5.6378
0.0967,-15.6812,-5.2754
1.4789,-12.1506,-2.8776
1.7251,-2.4714,0.8373
0.4016,7.9122,3.3815
-1.5296,11.5071,2.8308
-1.7813,7.1657,0.9222
-0.0687,-0.6988,0.1747
1.1663,-6.8774,-0.0267
0.5523,-7.9504,-1.4971
-0.9027,-5.238,-3.7496
-1.9181,-3.0748,-4.4496
-1.9418,-2.1246,-2.6146
-1.6024,-1.1813,-0.6633
-2.7728,-4.6059,-2.2073
-5.9855,-16.0622,-7.1831
-8.5307,-25.9832,-10.8055
-6.9465,-20.4835,-8.4989
-0.5463,-2.6108,-0.7973
7.3339,11.2223,7.2081
10.8495,14.1357,10.4364
6.9783,11.654,7.7544
0.1242,6.9355,2.3758
-2.6366,-0.22,-1.5464
-1.379,-6.7129,-3.3796
-2.9674,-11.4317,-6.1407
-9.5336,-17.5395,-10.8348
-13.8229,-22.4195,-13.227
-10.1586,-19.4151,-10.0849
-3.6578,-12.4198,-5.4141
-1.3599,-10.8046,-4.1111
-0.4764,-10.3635,-3.2241
4.3261,-0.6011,1.8156
8.2379,12.0233,6.7719
3.6753,11.5186,4.701
-5.0384,-0.845,-2.0766
-7.2851,-8.6747,-5.6385
-2.0123,-4.7417,-3.4338
2.7487,3.0522,0.9563
2.1944,4.482,3.0052
-1.1166,-3.1537,0.4971
-2.4768,-12.453,-3.8219
-0.4258,-12.6802,-4.3881
1.8421,-4.2443,-1.0128
0.6384,1.1546,0.6024
-2.8536,-0.7241,-1.2426
-4.5742,-2.0452,-2.2509
-3.8129,-1.0759,-1.5999
-3.209,-6.1053,-3.6336
-4.002,-16.1261,-8.2852
-4.5882,-17.6602,-9.2889
-2.9932,-7.4223,-4.4577
0.262,0.8526,0.5015
2.2787,-0.6496,1.3285
1.4898,-3.2623,0.501
-1.0032,-1.891,-0.1141
-3.9627,-3.9469,-2.8878
-5.3111,-9.4143,-6.3237
-1.2989,-5.906,-3.6369
6.7654,7.7236,5.2612
10.0774,16.668,10.8414
4.1136,14.1903,7.6903
-3.9902,8.1557,1.3161
-5.4835,3.6953,-1.4792
-0.2888,-0.9415,-0.3969
-1.6833,-0.6829,-1.6484
-0.8276,14.8696,1.2831
-5.2432,8.7229,-2.5315
-7.936,-6.5525,-7.051
-1.2242,-7.4183,-4.0282
8.7761,5.6345,3.2918
10.6073,16.403,6.5881
4.0234,16.5316,4.6045
-1.6008,8.0789,1.8524
-1.6335,-1.0522,1.2586
-0.477,-1.0011,2.3494
-2.466,7.1796,2.7835
-5.9482,8.3513,0.0772
-7.8439,-4.7077,-5.6397
-7.9587,-18.3515,-10.6896
-6.6684,-19.375,-11.6248
-3.5399,-13.0128,-8.9108
-0.1449,-7.4197,-5.1507
0.429,-0.098,-1.7865
-1.1186,8.1424,0.6819
0.1892,8.6195,2.2662
5.6342,3.9857,4.3711
8.6576,6.8653,7.3871
4.0872,14.6627,8.1798
-2.8871,12.7119,4.5374
-4.4246,1.3458,-0.4413
-2.1754,-6.8244,-3.2801
-3.2976,-10.027,-5.5556
-8.475,-14.3189,-9.5045
-11.3824,-17.555,-12.2436
-7.3356,-13.7883,-9.1001
1.6297,-4.3463,-0.7211
8.4067,3.4645,6.0988
7.3854,3.3707,5.5422
1.136,-1.9448,0.4306
-2.2955,-0.9559,-0.8695
-0.3024,8.9753,3.2084
1.5183,13.4372,5.2393
-0.4653,4.6965,1.9162
-2.5143,-3.9264,-1.0462
-1.8514,-3.3784,-1.0721
-2.0699,-4.63,-3.0939
-4.8994,-12.2935,-7.2319
-4.8097,-10.5039,-5.8004
1.2974,6.4751,2.2724
6.7372,17.6533,7.1561
5.214,8.5196,3.6102
1.0126,-4.3593,-0.9171
0.9877,-0.894,0.9153
3.6669,11.5812,5.563
3.8771,13.8646,6.1382
1.3489,4.5897,2.4514
-1.1751,-4.4939,-1.5613
-2.6543,-9.5079,-4.0248
-3.3197,-12.5735,-4.8227
-3.5121,-11.0051,-3.8564
-3.6047,-4.7841,-2.1894
-3.1344,-2.4393,-1.6921
-1.0777,-5.9583,-1.9964
2.2888,-4.2085,-0.3813
5.0253,7.441,3.7477
5.6182,17.3549,7.0269
4.9915,17.2921,7.1517
5.1071,14.2638,6.2241
5.436,13.5018,5.9251
3.3109,7.6545,3.7881
-1.612,-6.8715,-1.746
-5.9221,-18.981,-6.9019
-6.4968,-18.6046,-7.3951
-4.1971,-10.6501,-4.3838
-1.8483,-4.9326,-1.8205
0.3741,-2.7407,-0.4446
3.9665,-0.2229,1.7216
7.1534,3.7598,4.8738
6.5844,8.7851,7.3686
3.4998,14.638,8.5102
1.9378,18.3137,8.0665
2.1338,15.4135,5.17
1.6765,6.2527,0.601
0.7875,-3.3307,-2.192
0.9467,-6.9367,-1.0642
1.0268,-3.5871,1.4246
-0.5637,-0.7012,0.9882
-2.6461,-5.5603,-2.646
-3.5641,-12.2489,-5.4337
-3.5217,-8.9055,-4.5092
-2.2879,1.946,-1.0544
1.6831,7.1114,2.8285
7.4262,5.0576,6.4315
9.7023,5.3353,8.2769
4.5824,8.6321,5.8401
-3.2099,7.047,0.5041
-3.539,1.9574,-1.2071
4.8143,3.2381,3.7879
10.2294,11.1463,9.2915
5.6915,15.1658,8.8109
-0.2411,11.3789,5.1097
0.4058,5.6513,3.0631
1.3455,-0.8716,0.0613
-4.1458,-12.0724,-6.9908
-9.6671,-21.3299,-12.2777
-6.6979,-16.2279,-8.6712
1.9892,-1.8824,0.5111
7.664,4.1944,6.2386
7.7534,3.2698,7.114
7.4513,11.8469,9.1914
10.265,25.4808,13.3246
11.4224,22.5165,12.8712
5.3922,4.6415,5.7401
-4.107,-5.0175,-1.6806
-9.0979,-2.2414,-4.7966
-8.3833,-3.5667,-5.5979
-6.2839,-12.5141,-6.2568
-4.2462,-15.4298,-5.6527
-0.4442,-7.4582,-2.8119
4.521,1.2899,0.9064
7.3757,4.9931,3.7971
7.3671,9.0815,5.8338
7.0029,15.283,7.6067
7.3994,17.0164,8.8289
6.9874,14.1296,9.267
4.5682,13.3615,8.667
0.6761,11.4251,5.3699
-2.7146,-0.3761,-0.5925
-2.9491,-15.3165,-4.4588
-0.027,-18.4468,-2.8808
2.0049,-9.7863,0.2792
0.7326,1.0192,0.8527
-1.8645,-6.5337,-2.9986
-1.7386,4.9763,-1.7173
-2.1163,1.366,-2.1481
-0.6984,-11.3537,-2.2279
3.7578,-11.8071,1.2052
7.8676,7.116,6.8567
7.1704,25.0707,9.0856
1.9545,21.1459,4.8406
-2.7062,1.8582,-1.9641
-3.4252,-11.7789,-5.6756
-2.8414,-13.3359,-6.0607
-4.8393,-12.7402,-6.6584
-8.245,-17.2249,-8.447
-9.1754,-21.9975,-9.0467
-6.6931,-18.8095,-6.8418
-2.8853,-8.8275,-3.2411
0.0265,-2.3014,-0.9204
1.3879,-4.0356,-0.4154
2.6301,-5.716,0.7761
4.9935,1.753,4.3901
6.4613,13.0112,7.6044
4.0873,13.8736,5.8723
-1.3466,1.9576,-0.5751
-6.4801,-8.9479,-6.5034
-9.2836,-9.5947,-8.5277
-9.0535,-8.4456,-8.4026
-5.8923,-15.336,-8.471
-2.5157,-23.0487,-8.0935
-2.3768,-18.6613,-6.3354
-4.3337,-6.1356,-4.2014
-4.0922,-0.3045,-2.3407
-1.3409,-2.0092,0.0034
0.9356,0.3116,2.7426
3.0634,7.4465,4.8443
6.4768,10.4149,6.2625
8.145,9.8326,7.3393
5.9884,12.6761,7.6436
3.7913,16.5448,6.8046
3.2534,14.4,4.7454
0.8224,6.6496,1.454
-2.9509,-2.7514,-2.2935
-3.3976,-12.2588,-5.4902
-2.0397,-18.2305,-7.7901
-3.9458,-16.0092,-8.5798
-7.4549,-8.989,-7.3667
-7.4494,-4.4882,-4.9103
-3.5133,-1.4395,-1.2205
2.1139,4.7968,4.6946
7.5888,10.7062,10.4245
9.2953,10.1273,10.3404
4.2361,3.6458,2.9015
-4.0376,-4.598,-5.9903
-7.9515,-10.2001,-9.0013
-4.9937,-8.882,-5.4726
0.0074,-2.3389,-1.4628
2.2787,2.4172,-0.5849
2.7093,4.1754,0.8801
3.8107,6.8025,5.3783
4.1842,7.1333,7.1264
1.6165,-0.5836,1.5973
-1.5418,-8.8795,-4.4916
-1.7647,-4.5193,-2.4876
-0.458,8.002,4.091
-0.6518,11.3121,5.3948
-0.5282,4.0757,1.0911
2.8946,1.2908,-1.0194
6.6977,5.8003,0.9464
6.1451,6.2364,2.0245
2.9181,2.2781,1.1598
2.2175,4.6718,2.0964
4.589,12.6459,5.4103
6.7369,15.5122,8.0698
7.3249,12.0567,8.8216
6.6137,9.3154,8.231
3.5624,8.0958,5.8651
-1.6996,3.4476,1.3905
-5.6404,-5.2223,-3.6462
-6.142,-13.1996,-7.6223
-5.8494,-16.9539,-10.3745
-6.1159,-15.4917,-10.7096
-2.5929,-6.6947,-5.2663
7.0435,9.5716,5.8287
15.9377,24.5199,15.0214
16.0299,27.5035,15.3336
9.327,20.5017,9.6411
3.8478,14.1992,5.3143
1.8806,11.9798,3.5486
-0.2371,8.7272,1.0029
-3.7415,1.279,-2.6233
-5.8531,-8.0719,-5.0474
-4.7242,-14.5245,-5.4153
-1.625,-14.1156,-4.1585
0.8863,-7.7229,-2.2032
1.9301,-1.0699,-0.8141
3.5028,2.3847,0.5052
7.2975,5.826,3.9286
11.3722,13.2841,9.1512
12.6935,22.8224,12.7869
11.2048,27.8882,12.8819
8.2792,22.7618,10.0236
3.5479,8.0486,4.7138
-2.7613,-6.1907,-1.5194
-6.8287,-8.2383,-4.5018
-5.4781,1.0793,-2.2488
-1.1043,9.1866,1.3267
1.7763,7.9627,1.7735
1.8314,0.7813,-0.6693
0.5253,-6.1403,-3.6203
0.2677,-9.9173,-5.213
3.045,-7.9513,-3.1509
7.9021,2.2555,3.536
11.6044,17.1541,11.4328
12.2249,26.8146,15.1548
9.1906,24.1854,12.4598
2.7799,12.6856,5.7744
-3.5008,1.8198,-0.3402
-5.449,-4.4222,-3.4417
-4.1883,-9.6706,-4.6686
-3.3842,-14.1828,-5.1219
-2.7044,-11.8207,-4.0261
-0.5929,-2.7299,-2.1727
1.1199,3.7495,-2.0381
1.0586,4.0444,-2.9521
1.5019,4.374,-1.7031
3.9352,7.0495,1.6602
5.9353,7.3211,3.7333
4.6132,4.0908,2.8129
0.2677,0.498,0.0974
2.2086,6.7989,2.8863
4.7769,6.522,3.8133
6.6209,16.3924,7.1751
6.3423,22.7371,8.6898
4.0822,14.7666,5.2629
2.0817,5.7481,1.3366
1.4869,6.1524,0.6756
1.3879,6.1336,0.6316
1.9216,0.6534,-0.0239
4.5945,1.2645,2.6212
8.1203,10.0751,8.2749
7.7431,11.5671,9.4654
1.4289,1.3509,3.4468
-5.7647,-4.8107,-2.3976
-7.1359,0.0,-2.3817
-2.9843,2.8613,-0.5984
0.6124,-2.401,-1.7749
1.1726,-3.861,-2.8038
2.0095,4.2274,0.3096
4.4324,10.0447,4.2312
4.8311,6.1143,3.7432
1.652,0.9175,0.293
-1.2517,1.3285,-0.9447
-0.5952,3.253,1.1618
2.2358,4.4768,3.8447
4.514,8.8819,5.5316
5.427,15.5539,6.7673
5.1375,17.8687,7.5455
3.6443,13.2791,6.568
1.4602,5.7576,3.4333
-0.223,1.0573,0.2998
-0.7776,1.2925,-0.3123
-0.8298,1.3637,0.6661
-1.1994,-4.0494,-0.0274
-1.5349,-9.1856,-2.601
-0.6839,-4.6534,-3.5942
1.4118,5.7867,-1.3661
2.7939,10.3078,1.4534
1.1693,5.449,1.4298
-3.095,-4.4731,-2.0957
-6.017,-14.496,-6.0149
-3.9768,-18.2151,-5.6659
0.7604,-12.1258,-0.6048
2.2804,-2.6851,3.5345
0.1328,2.6649,2.8494
0.2758,7.2911,1.2285
4.6106,16.2717,3.4973
6.8696,22.9975,6.8653
2.6027,17.7537,5.3798
-3.5483,3.0408,-0.5132
-5.2097,-10.9846,-5.2039
-3.4548,-19.5203,-6.496
-2.8999,-21.8849,-6.5731
-2.7892,-15.9003,-5.7168
0.4266,-3.5794,-1.9824
4.2391,5.5185,3.0008
3.1277,5.1138,4.7263
-1.0018,0.0768,2.7934
-1.5735,-1.2806,1.1758
1.0441,2.6614,1.515
1.0636,6.6825,1.5665
-2.0585,5.1303,-0.2718
-4.2745,-2.9878,-3.4378
-4.8328,-13.748,-6.9057
-5.3261,-20.7164,-9.0256
-4.958,-18.6555,-7.8623
-2.8082,-9.1781,-4.084
-0.3898,-0.2287,-0.65
1.7639,4.6442,1.6598
4.8277,9.3132,4.5107
6.9957,13.1547,7.1109
4.547,8.5659,6.0062
-1.2388,-4.5593,0.8334
-5.2942,-15.0168,-4.4538
-6.671,-15.3675,-6.9447
-7.9063,-10.7355,-7.5322
-8.5981,-10.35,-8.3323
-6.9128,-15.9263,-9.8042
-3.8819,-19.1916,-9.5824
-0.3538,-11.6767,-4.3667
4.682,2.4739,4.3705
8.7314,10.3237,9.2752
6.5776,7.7206,6.2636
-0.8099,2.0515,0.534
-6.7144,-2.5889,-1.9527
-8.7618,-9.803,-3.2603
-9.459,-19.789,-7.2238
-8.4577,-25.0075,-10.6851
-4.4619,-19.8104,-8.9884
-1.1781,-8.9295,-4.8135
-1.254,-1.7017,-3.1179
-0.2581,1.217,-2.223
4.178,7.0111,1.5531
5.6935,14.0784,5.0123
-0.1691,9.2274,2.3109
-7.6944,-11.5656,-5.1896
-9.8335,-32.3831,-10.3678
-7.6887,-35.8899,-9.8039
-6.514,-23.4325,-6.6678
-7.1795,-9.0353,-4.5597
-5.557,0.1302,-2.5097
0.3954,7.0303,1.4942
6.15,10.7559,4.6562
5.9481,4.3614,2.4256
0.519,-8.8879,-3.3749
-4.4463,-13.9337,-6.2151
-5.7691,-6.4809,-4.6838
-4.7237,-0.1188,-3.3091
-2.9841,-3.5247,-3.694
-1.0623,-9.7543,-3.2344
-0.7026,-14.7406,-2.8465
-3.8116,-23.4109,-6.3042
-7.5466,-30.3652,-10.7491
-6.4423,-20.4565,-8.422
-1.1851,3.9716,0.3169
2.0825,22.1791,6.5263
1.5265,24.4639,6.2122
0.0967,16.9761,3.2346
-1.5669,1.7758,-0.1994
-3.9174,-19.6959,-4.4897
-4.5999,-32.1234,-6.8499
-2.9331,-23.6487,-5.0041
-2.3741,-7.6868,-2.7706
-3.886,-3.8682,-3.9406
-3.6513,-9.7365,-5.7266
-0.4268,-11.1105,-4.4037
1.5275,-6.1932,-1.7326
-0.2798,-1.2344,-0.503
-1.3781,-2.7165,-0.5065
-7.6998,-5.1863,-4.99
-9.0478,-8.8743,-6.2247
-6.0242,-10.9067,-4.3605
-3.9744,-12.1825,-3.7379
-5.3236,-15.7507,-6.55
-6.4109,-17.1884,-8.674
-4.7608,-12.2389,-7.0336
-2.9311,-6.1779,-4.4502
-1.483,-1.8125,-1.9949
2.8892,6.3115,3.6807
8.3769,15.221,10.6349
7.5684,11.9789,10.5195
-0.1293,-3.0762,1.871
-5.5091,-13.0093,-5.5704
-2.961,-9.1368,-4.2542
1.6002,-0.0187,1.3983
0.7442,5.5,3.0551
-3.5721,6.7616,-0.0078
-5.2192,3.4566,-2.9101
-4.0363,-4.6424,-3.5424
-3.153,-10.3022,-2.784
-1.7553,-5.2286,-0.8684
1.4179,5.6748,1.1514
3.0619,8.7926,0.9959
1.0239,1.246,-0.5107
-0.9191,-5.925,-0.0112
0.4091,-5.0421,2.3333
2.5675,-0.2223,3.1602
3.0789,3.0394,2.0638
3.2632,4.4098,1.5424
3.2628,3.2968,1.5396
0.3209,-0.6677,-0.1098
-5.1017,-1.9488,-2.564
-8.0311,2.3131,-3.1331
-5.7762,1.836,-2.6378
-1.0875,-10.7179,-3.6698
1.5357,-20.7658,-5.0353
-0.1111,-12.8826,-4.0533
-3.6464,0.4732,-1.82
-3.6265,0.1733,-0.3675
1.616,-5.4309,1.5887
7.3823,1.9619,5.2998
9.6073,17.9031,8.7808
8.7635,26.0445,9.4905
5.3508,22.2346,6.575
-0.5851,11.6248,1.1193
-5.5522,-1.196,-3.7587
-6.2527,-12.3536,-5.9515
-4.7843,-18.6632,-6.7888
-3.6434,-17.6703,-6.876
-0.8719,-8.7596,-3.8598
3.9458,1.5343,1.7774
5.9742,4.3355,5.1977
3.196,2.7305,4.9147
0.8663,7.0577,4.8583
2.7634,14.949,6.4492
5.3839,14.7886,6.3653
4.8902,7.6621,3.8198
2.3127,4.7247,1.9351
-0.4831,6.1184,1.0402
-2.6726,3.7628,-1.1338
-2.3779,-1.2836,-3.3661
0.5003,-3.8133,-3.2573
1.6476,-6.489,-2.6723
-1.5875,-10.938,-3.5408
-5.0095,-10.7056,-3.3358
-3.2075,-3.6513,-0.2677
2.952,4.0739,3.3963
7.9638,9.9186,5.9852
8.5309,15.0909,7.7568
6.0087,15.348,7.4398
3.1589,7.1237,3.8481
1.4867,-1.5557,0.1463
1.6914,-0.7302,0.7504
3.1675,4.9402,4.141
2.9946,3.9063,4.1859
-0.2159,-1.8582,-0.2042
-2.2912,-1.8414,-2.8279
0.8523,2.002,-0.3841
5.5018,0.6431,2.2757
5.7684,-1.5431,1.4189
3.5896,4.4887,0.8431
3.7279,11.1118,3.4556
4.0767,6.288,5.2611
1.3958,-1.8887,3.7904
-0.8564,1.6257,2.7851
-0.0287,10.307,3.2491
0.386,7.2809,1.1568
-0.4283,-3.2835,-2.3688
1.5173,-3.8542,-1.2669
5.4118,4.0747,3.5399
6.2088,3.9456,5.0727
4.2157,-3.8738,2.7284
3.7699,-2.5336,2.5095
5.5681,10.681,6.4025
7.6536,20.9867,10.6228
9.6621,22.3287,12.5995
11.224,21.9176,12.5786
9.6969,20.4375,9.7438
3.2563,10.9125,2.9243
-4.6479,-4.9979,-5.0324
-7.4141,-17.3456,-8.8361
-3.7315,-20.8489,-7.4458
-0.1241,-17.626,-5.0662
-1.5303,-12.2267,-4.652
-3.8981,-7.4406,-4.0775
-0.998,-2.0221,-0.3592
5.7698,5.779,5.199
9.8223,13.2085,8.7696
8.6182,15.8353,9.0722
5.7677,13.1762,7.9563
5.5128,9.1899,7.5674
7.8417,8.885,8.5486
9.0082,13.4372,9.3699
7.1829,18.4117,8.0538
5.4069,17.6,5.2131
4.6967,6.7299,1.8144
-0.2285,-12.1495,-3.8989
-9.8442,-25.6327,-10.7256
-13.5434,-20.0581,-11.5578
-5.7659,-3.0488,-4.4035
3.2982,3.5815,2.1649
4.2568,-3.7577,2.163
2.0395,-7.1051,0.4306
3.2265,1.0181,1.7694
4.1018,6.3274,2.7908
0.3492,-0.4726,0.1211
-0.0096,-3.8132,-0.912
0.3715,6.155,3.0109
0.1349,3.7131,1.0887
-2.3765,-6.5357,-4.4598
-5.322,-14.6107,-7.5515
-3.793,-16.9888,-6.0613
1.9063,-10.8596,-1.9243
5.4636,3.2527,2.4149
4.4733,13.7235,5.349
3.2993,12.5745,6.7139
3.6565,8.2566,6.8192
1.2124,6.7398,4.1997
-4.4082,0.1348,-1.5383
-5.9253,-11.3811,-5.6096
-0.9018,-13.1127,-3.991
2.6541,-3.0007,-0.7368
0.2747,1.8605,-1.2094
-2.0607,-6.4314,-3.4876
-1.5593,-15.2355,-4.1688
-3.5502,-12.6137,-4.3703
-7.0461,-1.7438,-3.6837
-2.8508,8.3112,1.474
8.2683,13.3139,8.6912
12.4851,12.6098,9.5373
4.2896,5.8673,2.5763
-4.0774,-3.8015,-3.2525
-2.5065,-8.7502,-2.0863
1.0688,-6.1669,0.1684
-4.2137,-4.0266,-3.9911
-12.5535,-8.7942,-10.963
-11.1855,-13.6706,-11.3257
-1.2776,-9.4793,-4.2465
5.1777,0.5195,2.2175
3.5204,6.3105,3.2626
-0.5491,4.4482,1.4452
-1.7793,-0.1971,0.3018
-0.3343,-1.3924,0.6306
1.0459,0.6481,1.3028
0.1718,-0.8265,0.3784
-1.3479,-5.7982,-1.2589
2.1829,-1.2532,1.8943
12.091,18.4979,11.4972
18.7582,35.4912,18.12
12.1507,29.9372,12.0174
-3.2246,7.8244,-2.1472
-13.7702,-11.2143,-11.6643
-14.7049,-21.6414,-13.0359
-11.9944,-28.817,-12.1242
-9.2547,-29.6612,-10.9426
-4.0873,-17.2912,-5.7563
3.6192,1.4447,3.1368
9.3144,11.3638,9.3324
10.0967,9.9537,8.9176
7.5455,8.991,5.2756
4.57,14.7799,3.7692
2.753,19.1798,4.91
1.7351,13.9778,4.9006
-0.1732,2.601,1.4217
-3.2511,-7.6998,-3.5012
-4.8389,-13.8334,-6.112
-2.9027,-13.6761,-4.7927
0.4673,-7.0537,-1.3157
1.6945,-0.0256,1.1699
0.0401,2.0004,1.2364
-2.3921,0.6442,-0.1195
-2.6867,-1.6798,-1.0505
1.3205,-3.5302,0.3284
8.0576,1.3054,4.7821
11.2709,15.6563,9.3034
7.3385,27.4599,9.2171
2.0829,24.058,5.4635
2.5589,11.6112,3.6883
4.9346,3.1146,3.9929
1.1292,-1.846,0.65
-6.526,-9.7312,-6.4913
-9.2959,-18.7676,-10.8604
-6.0309,-23.0277,-9.5519
-2.1938,-18.6648,-5.1442
0.2778,-4.5151,0.5693
3.7295,12.4477,6.6656
8.9728,19.8299,10.8045
13.5356,17.22,12.2535
14.0938,17.1404,12.7566
9.6507,22.8678,12.1564
2.9811,22.8531,8.2509
-2.0616,10.9294,1.5659
-4.2263,-4.4666,-4.2504
-4.2851,-13.3998,-6.6351
-3.1289,-14.9634,-6.2492
-2.34,-13.6399,-5.5288
-2.7318,-11.2785,-5.2024
-1.2829,-5.0238,-2.5161
4.8837,6.1501,4.2433
11.8764,15.9979,11.0188
13.1859,17.8303,12.8241
9.0501,14.9375,10.833
5.2222,16.6496,9.2983
4.3992,22.6485,8.4239
3.993,19.5562,5.0755
0.9613,0.8675,-1.2775
-3.9714,-17.7949,-6.7208
-6.7589,-18.0491,-7.4801
-4.7694,-6.2114,-4.7462
-0.3003,-2.294,-2.5733
2.8072,-8.3078,-1.7798
4.4886,-8.6758,0.3945
6.8927,2.5199,5.0341
9.3593,14.5577,9.7244
9.1261,18.3472,11.6446
5.8953,15.8875,9.9986
2.2966,11.9846,6.1855
0.6102,8.3552,2.8768
1.3071,6.1734,2.0165
3.5976,6.2864,3.1155
5.3274,6.1827,3.6907
3.9496,1.4569,1.5831
0.0988,-7.6938,-2.2698
-1.839,-13.0535,-3.7639
0.0956,-6.8276,-0.6589
1.5839,5.2272,3.1833
-1.0859,8.8954,2.6324
-3.8612,2.3255,-0.8053
-1.1479,-2.5156,-1.5981
4.0755,-1.3095,0.4868
4.2802,-2.3549,0.6475
-0.5273,-7.8778,-1.9773
-2.8157,-8.4074,-2.7407
0.6833,0.4316,0.5351
-1.0373,0.0742,-1.161
-2.0934,-2.7345,-1.7971
-3.1905,-6.4865,-3.2106
-4.8936,-8.1037,-5.0132
-6.0731,-6.5457,-5.7805
-4.2076,-6.395,-4.6519
-0.1156,-8.5588,-2.188
2.0909,-5.9403,0.7032
1.9151,3.6933,3.4589
2.9423,11.5894,5.246
4.8709,12.1311,5.2283
3.5055,9.7655,3.5968
-0.3233,7.1604,1.2905
-1.1248,1.7997,-0.7318
1.4321,-3.6314,-1.6054
1.6355,-3.3687,-1.5554
-2.9908,-1.5313,-2.6921
-8.2228,-7.9247,-6.332
-9.2602,-19.8214,-9.6233
-5.7957,-21.4894,-7.9632
-0.6745,-6.2448,-1.3375
3.708,12.3158,5.0909
6.8847,18.9993,7.8872
8.8312,16.5665,8.6454
8.0536,15.3836,8.4649
3.3585,14.3622,5.0117
-2.5424,6.8924,-1.4498
-4.8414,-3.1709,-5.3543
-2.6107,-6.4162,-3.3027
0.2914,-3.6344,0.6482
0.0688,-4.4903,0.3666
-3.4992,-11.8481,-4.6303
-7.1203,-17.0936,-8.9432
-6.588,-12.7136,-7.7383
-1.1939,-1.6236,-1.8486
4.3916,7.728,3.6074
4.652,8.7524,4.3317
-0.1774,1.1148,0.882
-3.6557,-6.294,-1.4504
-0.4645,-2.8047,1.4597
6.6512,10.3708,6.8608
9.9158,21.6363,8.7624
6.6084,21.8111,5.9044
1.5614,9.6304,1.548
-1.5023,-6.5835,-2.0741
-4.1424,-12.5945,-4.3252
-6.7612,-7.1455,-4.7423
-6.62,-7.2752,-4.7663
-3.6158,-17.9945,-5.9947
0.0818,-18.7479,-5.4653
3.7243,-1.0356,-0.3389
5.0967,11.211,4.2581
1.5491,3.1231,2.8403
-2.422,-3.2003,0.9577
0.4478,11.8221,6.1211
7.5207,29.8155,12.935
9.131,24.7292,10.6556
2.6951,3.0964,0.3125
-4.8778,-10.6376,-7.4777
-6.9359,-10.7053,-7.6772
-3.9158,-9.2541,-4.5993
-1.4675,-11.8413,-3.5841
-3.2716,-14.1139,-5.4312
-5.724,-13.4846,-6.7699
-2.456,-8.6475,-3.2491
5.3343,2.2671,4.4011
9.2316,13.5173,9.0414
6.0732,15.1724,6.9244
1.7597,9.0521,3.5983
0.4176,5.3492,3.7499
-0.8533,4.0986,3.1953
-4.4088,-1.4267,-2.013
-7.5607,-7.3221,-7.2233
-6.9333,-6.2121,-6.8185
-2.5778,-4.8818,-2.9888
1.9349,-11.9686,-1.1192
2.6864,-17.5181,-1.6782
0.2294,-8.7476,-1.5024
-0.7536,5.4239,0.3472
1.6223,9.1641,2.229
3.5142,5.5167,3.1161
1.8074,5.6566,2.9574
-0.2928,7.557,2.0204
1.2341,4.9065,1.3912
2.9251,1.4631,1.2462
-1.0792,0.1156,-0.6735
-7.568,-5.6675,-4.9822
-8.4928,-16.0668,-7.7302
-4.265,-18.5029,-5.9008
-1.3311,-8.7217,-2.1996
-0.5326,0.0216,-0.4998
1.7229,-0.5334,-0.0323
5.3358,-1.2507,2.3109
6.4946,3.5142,5.6578
2.8171,3.9408,5.2244
-3.1249,-3.5568,0.2381
-5.294,-5.3254,-2.9677
-1.9792,4.5891,-0.4243
1.0282,11.2383,2.5309
-0.243,4.2735,0.339
-1.8441,-4.8079,-3.2176
-0.3267,-3.447,-2.2262
0.923,2.1161,0.858
-1.1686,-0.3431,-0.0152
-3.7113,-9.0826,-4.2275
-3.5765,-12.683,-6.3291
-2.0717,-7.4889,-4.3272
-0.6835,-0.8611,-0.4504
1.5141,0.3853,2.764
3.1022,-2.7447,3.144
-0.1693,-5.664,-0.4399
-6.8379,-6.7107,-5.2197
-8.3834,-7.2371,-6.2172
-2.2953,-7.96,-2.9237
2.4071,-8.5402,-0.4237
-0.1376,-8.4707,-1.5952
-2.9346,-5.9197,-2.6077
0.8085,0.235,0.3439
6.1426,6.9245,4.6224
6.0545,10.3087,5.8624
2.62,9.9415,4.4735
1.5553,7.317,3.5298
3.2943,5.8176,4.1912
4.5596,9.1682,5.5443
3.8696,14.2006,6.0827
2.2069,13.3763,4.8327
0.7585,6.636,2.348
-0.2282,-0.7861,-0.2556
1.148,6.2303,2.2206
1.5825,0.0621,1.4711
2.1851,3.7681,3.279
4.5852,10.6377,6.7546
8.4888,11.4914,9.0217
9.6571,11.2992,8.9246
6.0179,17.1964,7.8125
2.2019,22.1065,6.8156
2.0239,14.8615,4.7431
1.5941,-0.7811,0.278
-3.2386,-9.9392,-4.5808
-8.2437,-7.3237,-6.1508
-6.8707,-2.9471,-3.9845
-0.6886,-3.9584,-1.0392
3.4314,-2.6215,1.1414
4.1625,8.1376,4.103
5.8184,19.2129,8.3866
8.2445,19.1973,10.7497
5.9324,12.1,7.7466
-1.6363,6.4989,0.3533
-7.867,0.0302,-6.9692
-8.4786,-10.2273,-10.2108
-5.5999,-16.1436,-8.0917
-2.7509,-12.3689,-3.2905
-1.2356,-6.9148,-0.7771
-0.1659,-4.4608,-1.0989
2.3643,3.6151,1.4701
5.9762,19.4249,8.9121
7.1517,27.76,13.622
4.8712,18.8984,9.657
2.9305,4.8622,2.5195
2.8531,-0.2047,-0.3519
0.6176,-0.3801,-1.0673
-5.342,-5.2875,-4.7008
-9.4283,-11.0807,-8.6627
-6.7173,-9.6132,-7.566
-0.359,-4.8053,-2.8828
3.0806,-4.0994,0.2322
2.203,-4.7592,1.0953
0.6722,-2.258,2.0188
0.7243,0.1965,3.0771
1.1901,1.2322,3.4439
1.2625,6.4093,3.7924
2.1467,15.37,4.1167
4.2343,18.3895,3.3735
5.2054,12.3758,2.3445
2.7421,5.5538,2.2396
-1.7062,1.3862,1.2054
-4.5719,-6.0046,-2.8666
-5.3412,-16.5146,-7.6629
-5.9629,-20.9942,-9.0527
-5.8371,-16.4208,-6.7158
-3.0647,-8.9975,-3.6518
0.7732,-2.1157,-1.3552
2.9105,4.8617,1.2835
3.9515,8.4824,4.3668
5.3353,5.6038,5.7636
5.6156,2.3038,4.7824
3.1019,5.4512,3.5342
-0.43,10.3119,3.2314
-1.4403,8.8422,2.8768
0.7495,3.1418,1.9913
2.6581,-1.2762,0.7027
0.8834,-5.9568,-1.7907
-3.3554,-12.154,-5.2342
-6.0706,-14.8632,-7.3678
-6.0437,-13.0976,-7.5899
-5.0512,-11.8482,-7.3309
-2.9869,-8.7529,-5.275
2.0024,2.6038,1.2167
7.3779,14.4252,8.437
6.8954,12.7396,8.646
0.5867,2.5804,2.2504
-3.0298,-0.1471,-1.7003
0.9001,3.2891,0.5224
5.8408,0.8589,2.5575
3.4023,-5.4346,-0.627
-4.4444,-7.0249,-5.6576
-8.4856,-8.1005,-7.5578
-5.0602,-14.1312,-6.2803
0.5914,-15.9205,-3.7158
3.3922,-4.9622,0.3072
4.0089,9.3899,5.4724
4.2618,13.1682,8.1594
3.5432,6.4945,5.532
1.5886,-0.5601,0.3015
-0.2647,-1.8998,-2.682
-1.7457,0.1163,-2.8635
-3.8024,-0.5568,-3.238
-5.5934,-5.9752,-4.8239
-4.7628,-11.8555,-5.8783
-1.8798,-14.7755,-5.9233
-1.1406,-16.5131,-6.4126
-3.7619,-16.9203,-6.7366
-4.2384,-10.6679,-3.699
1.6525,2.727,2.91
8.5573,13.269,7.8269
8.6711,12.3339,6.8498
3.9762,5.8036,3.3117
2.1296,6.1196,3.2413
3.3391,12.0461,5.5883
1.9645,9.7453,3.9812
-2.0409,-3.4006,-2.2348
-4.1722,-13.6668,-7.0486
-4.3881,-13.9369,-7.8149
-5.1114,-11.942,-7.166
-4.268,-11.9316,-5.6044
0.537,-8.3967,-1.5565
5.0249,-1.3128,2.3771
3.9261,0.425,1.8941
0.0028,-5.1803,-1.4822
-0.3332,-7.3178,-2.0875
2.928,2.2459,1.8762
4.8698,15.8331,6.636
3.9531,19.1099,7.9938
2.1274,10.0506,5.1887
-0.3255,0.0177,0.5166
-3.7208,-2.9309,-2.8741
-5.3016,-2.2125,-3.1844
-2.5764,-3.4859,-1.3289
1.5448,-6.0892,-0.0698
2.434,-6.7785,-1.0101
0.5863,-6.4758,-3.0903
-1.0109,-8.5867,-5.0481
-3.1167,-12.4401,-7.3371
-6.4574,-13.3266,-9.2461
-6.3615,-8.8188,-7.2706
-0.0802,-0.8803,-0.3562
-1.7037,-0.6111,-0.7166
3.055,-1.2302,0.5037
2.1912,1.518,-0.7503
-2.479,5.9308,-2.9952
-3.6069,5.9812,-2.8956
1.5549,1.0094,0.1284
6.3329,-1.0109,3.0179
3.426,1.5913,2.0943
-4.388,-1.9408,-2.645
-7.8392,-12.6802,-5.9324
-4.4238,-12.6899,-3.0044
-0.8716,4.52,3.0607
-1.3478,17.1683,4.9768
-2.1116,8.3897,1.4846
-0.7191,-7.5954,-2.4273
-0.7285,-11.5886,-4.1404
-3.3749,-8.0238,-5.1204
-3.8441,-8.1322,-4.9966
0.0461,-6.8932,-1.436
3.2586,2.6887,3.5563
1.5648,11.6038,4.4296
-1.9212,10.0952,0.8056
-2.0895,3.9798,-1.4518
0.7241,1.523,0.4506
2.3899,0.4005,2.7135
0.872,-2.9887,1.8662
-2.7368,-5.8925,-1.1629
-6.03,-5.7208,-3.9422
-5.8516,-3.7372,-4.5622
-1.0587,-1.1395,-2.2367
4.0124,2.9323,1.244
3.98,8.7337,3.1368
0.1224,11.7913,3.0173
-2.1192,5.7396,1.7416
-1.4034,-5.7233,-0.41
-0.4859,-8.7404,-2.2711
-0.7246,-0.0365,-2.1619
-1.225,5.7096,-0.6707
-1.2235,-0.616,0.2447
-0.926,-8.9438,-0.1022
-1.0745,-9.6908,-1.4527
-1.6485,-7.0596,-2.8854
-1.157,-4.4486,-2.43
0.6921,1.447,-0.1185
1.0445,6.4341,0.3627
-1.3998,2.5465,-2.1357
-2.4156,-2.5233,-2.3658
1.1884,4.6868,2.7017
4.8605,16.8723,7.0516
3.2806,15.413,4.8322
-0.7703,0.5482,-0.3134
-1.857,-11.3363,-2.493
-0.7245,-12.8313,-2.5679
-0.8834,-9.1237,-3.1795
-1.5534,-4.283,-2.4642
0.0465,2.1799,1.2918
3.0059,9.0098,4.9371
3.9998,10.8678,4.7877
2.4132,3.8654,1.518
0.7587,-6.8459,-1.6073
0.5171,-10.4539,-2.7127
0.441,-4.3754,-2.1726
-0.3259,3.3597,-0.7597
-0.1959,6.7521,1.4358
1.9617,6.9756,3.8221
4.4185,7.0781,5.0571
5.1276,9.117,4.9786
3.9618,11.2464,4.2653
1.2781,6.9018,2.1476
-2.3187,-5.126,-1.9124
-4.6372,-15.6252,-5.3328
-3.9363,-17.2526,-5.443
-1.4402,-11.7153,-3.3621
1.0738,-2.1855,-1.065
3.7783,7.4224,1.7461
6.3004,8.0881,4.4066
6.2481,-2.6588,4.1346
2.9046,-10.3938,1.2679
-0.6063,-1.8213,0.1121
-0.3578,14.755,2.659
4.4827,21.2722,6.1584
9.4839,13.4795,6.8319
7.6106,2.3339,3.2887
-1.4177,-2.0618,-2.0569
-7.9047,-2.3643,-5.0414
-4.8275,-8.0139,-4.7425
2.2871,-16.6207,-3.253
4.7798,-13.4592,-0.9115
2.5567,2.9099,2.5335
0.7883,13.3489,4.5351
1.6458,6.7913,3.382
2.9091,-4.6788,0.9801
1.6841,-7.8014,-1.2264
-0.757,-4.5283,-2.8674
1.1095,-0.0385,-0.983
8.9201,7.2412,6.3367
15.6431,16.7325,13.771
14.0452,19.9458,13.7327
5.9711,11.408,6.2445
-1.1582,-1.4091,-1.4039
-3.5894,-6.6682,-3.8178
-3.834,-4.5433,-3.0265
-5.1464,-6.0788,-3.9993
-5.9023,-13.6373,-6.4227
-2.8251,-15.0482,-5.4634
1.9737,-4.7944,-0.802
3.9716,4.2207,2.2781
3.9195,1.8399,1.7538
4.7819,-2.5055,1.056
5.4433,2.6339,2.2722
4.4139,11.9368,4.1314
3.86,14.5451,5.7251
5.4008,9.6657,6.829
7.3493,1.7816,6.2072
7.1875,-5.2701,3.3386
3.6292,-5.0308,0.3411
-1.2935,5.0091,-0.0783
-2.1322,13.9145,2.1992
2.7086,10.022,4.3815
6.2922,-1.7642,3.3642
2.5699,-8.769,-1.0184
-4.1708,-8.8191,-5.4853
-6.508,-9.1661,-6.9473
-4.6991,-13.0536,-5.6249
-3.3549,-15.186,-3.4041
-3.2297,-10.9456,-1.3618
-2.1778,-4.3185,-0.144
0.2823,-0.3858,0.0083
1.2294,1.7324,2.3404
1.4431,10.5534,3.4107
0.803,13.2807,5.4297
-0.0097,9.0246,6.7685
0.759,3.722,6.2147
2.3825,2.5588,4.4845
1.7061,2.1368,1.7154
-0.9291,-3.0709,-1.9924
-1.4381,-9.0736,-4.2029
0.6949,-6.755,-2.6851
1.947,2.6013,1.0142
1.4526,7.1167,3.6716
1.0287,2.5002,4.3519
0.6453,-1.214,4.1763
-0.241,2.5444,3.6726
-0.28,5.0893,2.2305
1.0071,-0.8909,-0.0029
2.0293,-6.2459,-1.1639
2.3524,-1.2281,0.1555
2.9225,7.0273,2.6393
3.0768,7.7427,3.8218
1.5411,2.62,2.8942
-0.8254,-3.0822,0.3338
-2.6089,-8.6994,-3.0863
-3.4159,-10.2128,-4.9732
-2.582,-2.6772,-2.574
-0.7009,6.4778,2.1579
-0.6795,5.0856,3.7557
-1.9159,-2.8564,2.0529
0.9872,-2.0994,2.7671
7.7728,8.7959,6.6611
9.514,15.0374,7.0915
2.6374,8.6863,1.4535
-3.7131,-1.2835,-3.8919
-1.6871,-3.9594,-3.3353
2.5318,-1.1281,0.0314
-1.1083,-2.8829,-0.6151
-9.3878,-10.9565,-5.6739
-9.9162,-13.7494,-7.8072
-0.7849,-4.2532,-2.6801
6.4493,8.0724,3.9982
5.2477,13.2517,5.4926
2.0094,12.73,3.606
1.895,8.1992,2.7654
1.31,-0.4775,2.5826
-0.746,-4.9807,2.2735
0.9865,0.8622,3.5381
5.2127,6.1631,4.5575
3.1654,0.3372,0.721
-4.8595,-7.5945,-5.9428
-8.3157,-7.4793,-8.5362
-5.0907,-7.8245,-7.3609
-3.9438,-16.2127,-8.3008
-6.1535,-19.9509,-9.78
-3.0437,-8.0154,-4.7575
6.11,7.3749,5.2038
11.154,11.652,11.0923
8.233,11.0411,10.5062
4.3921,15.9482,8.6109
3.2571,19.4392,6.7557
0.2953,10.8745,1.5209
-5.8262,-3.2898,-5.9788
-9.3673,-9.6641,-9.9124
-6.6173,-8.1135,-8.09
-0.4071,-6.4631,-3.1714
4.1475,-5.3959,1.6884
3.6618,-3.7129,2.95
-1.3307,-7.5208,-2.2434
-6.1755,-17.9185,-10.2747
-6.553,-20.9647,-12.4089
-2.891,-7.4839,-6.039
0.7013,8.9525,1.2715
0.8576,12.3498,2.6673
-0.835,8.7062,1.1395
0.8215,10.2223,2.8095
6.0158,12.3538,6.4839
7.7794,8.0955,7.0321
3.1279,5.3242,4.4698
-2.1474,8.992,1.6802
-3.8725,7.4203,-1.9062
-4.5117,-5.9295,-7.0172
-6.0065,-19.0305,-10.9094
-6.9508,-22.5746,-12.1909
-6.3634,-22.2942,-12.3696
-4.4786,-21.1014,-10.685
-2.1719,-12.0589,-5.2225
-0.7162,2.8335,1.347
0.7839,10.0935,4.8818
4.5132,9.4416,6.6212
8.5164,16.0521,9.7072
8.3076,28.4966,11.4022
4.1998,24.5698,6.4084
-0.0844,1.465,-3.4078
-4.0725,-15.1125,-10.3771
-8.5746,-14.4266,-11.7579
-10.6837,-13.8879,-11.301
-7.6096,-19.5627,-10.5646
-2.0335,-15.4714,-7.1629
1.4519,0.6787,-1.7204
2.0702,9.5154,1.4592
1.8128,3.3821,1.3905
1.5191,-2.4992,1.6634
0.6514,3.049,3.9356
-0.1525,11.3185,5.4818
0.9807,10.5917,4.1791
3.214,3.2302,1.3131
2.2601,-1.9306,-1.6603
-2.8291,-4.0162,-5.1111
-6.7093,-7.5449,-8.8085
-5.8033,-11.3196,-10.5334
-2.7508,-9.5155,-8.2725
0.3108,-1.3653,-2.5169
4.2342,7.5206,3.7966
7.222,11.6278,7.3367
5.8808,9.2002,6.9179
1.6038,2.5778,3.966
-1.5996,-2.8852,0.3671
-3.5196,-3.6137,-3.0573
-6.2149,-2.4103,-5.8696
-8.6892,-4.8836,-7.4834
-7.9304,-10.3142,-7.5655
-3.8009,-10.6997,-6.0068
0.7012,-2.8322,-3.1696
3.1026,4.5035,-0.6851
2.9505,2.6502,-0.2945
1.2349,-4.059,-1.4024
-0.1112,-5.533,-1.6469
-0.0836,0.1933,-0.1677
-1.0706,2.4765,0.4236
-4.6928,6.9046,-1.7595
-6.8275,3.7818,-3.5665
-6.6695,-2.0595,-3.3874
-5.4915,-4.1221,-2.1622
-6.1962,-6.0934,-3.9037
-8.7412,-10.9612,-8.3471
-8.0837,-9.8882,-8.6009
-1.547,3.3745,-1.4772
4.9333,17.1095,5.7815
4.3682,16.5461,5.4523
-1.2194,5.2514,0.0483
-4.5958,-3.4483,-3.338
-3.2543,-6.1028,-3.1442
-0.3437,-5.8114,-1.587
1.1485,-1.6722,0.971
1.3978,5.4451,4.4037
2.1751,9.166,6.7506
3.7101,7.8284,6.9208
3.6283,6.5325,5.3395
0.3105,7.2108,2.0845
-3.6105,7.0299,-1.8333
-4.1612,4.4392,-3.7766
-1.824,0.7867,-3.0668
-0.7554,-0.6712,-1.9319
-2.3357,2.4177,-1.4705
-3.4149,6.619,-0.5465
-1.9584,5.2612,0.7628
-0.5852,-2.3876,0.5535
-1.8399,-9.5939,-1.2318
-3.2067,-9.8641,-1.8195
-1.1062,-3.3275,0.2439
2.5281,3.9087,2.596
3.2958,6.5078,2.6839
2.249,5.2678,1.5697
3.4364,3.6984,1.4488
4.6465,2.0776,1.2641
0.3931,-0.7394,-1.2604
-5.8631,-2.4668,-3.8444
-4.559,0.1381,-1.4161
3.4768,5.0769,4.8983
6.6109,6.4984,7.1637
0.9022,2.3271,2.1794
-4.5732,-3.7467,-3.7261
-3.8032,-7.6795,-5.1496
-1.6178,-8.4344,-4.4287
-1.8698,-5.9473,-3.9532
-0.898,0.1979,-0.9909
2.8999,7.2607,4.6133
4.5835,7.9956,6.5418
2.3473,0.5894,2.201
1.2913,-3.908,-1.5295
2.9575,2.1633,-0.0178
1.5722,6.8189,0.8446
-4.0358,-1.1322,-3.1919
-5.6673,-8.5764,-5.0814
0.8289,-1.1949,0.6254
7.2874,8.1561,6.3809
4.9338,2.4094,3.7355
-2.6448,-9.2466,-2.9329
-4.9164,-10.1094,-4.372
-0.1896,-4.3567,-0.9322
2.4136,-4.1517,0.2685
-1.0563,-6.8766,-1.5913
-3.3117,-4.66,-1.5191
-0.8446,-1.302,0.0165
0.4097,-2.9857,-1.4106
-0.7663,-5.1689,-3.7059
1.8001,-2.0,-1.5749
7.7186,3.8693,3.5057
9.7228,9.7731,6.8506
6.9724,16.7953,8.2487
4.6979,19.9225,8.5182
3.3056,11.8678,5.6372
-0.3487,-1.3695,-0.1335
-4.8503,-8.3386,-4.6748
-7.1027,-12.1069,-6.9695
-8.3721,-20.7249,-9.9325
-9.6763,-27.6815,-12.8575
-7.3712,-24.5039,-11.5926
-0.361,-17.4056,-6.5574
5.3469,-11.6751,-1.9802
5.9523,-0.3674,1.7588
6.0614,15.7894,6.6958
9.2032,21.3376,10.5724
10.4171,11.6243,9.4821
4.9558,2.2411,4.6987
-2.8824,3.0155,0.5392
-5.686,3.7986,-1.8513
-2.9095,-4.6715,-4.1231
-0.4334,-15.01,-6.8497
-1.867,-18.1471,-8.7562
-3.752,-17.1761,-8.185
-1.4831,-16.4216,-4.8635
2.921,-11.5651,-0.6778
4.2758,-0.1879,2.3603
2.8921,9.5292,3.9839
3.045,8.9949,4.2499
5.2234,1.4824,3.0505
6.1716,-1.808,1.984
4.2122,3.3255,2.5723
0.421,8.324,2.8152
-2.4814,5.0863,0.4794
-1.5821,-2.5246,-2.3824
1.4797,-8.8823,-3.7384
0.1151,-15.9393,-5.7703
-6.7992,-21.9395,-9.0443
-10.3287,-18.5466,-9.2073
-4.378,-8.2356,-4.6124
4.8599,-3.7391,0.2557
8.6334,-5.9817,2.1063
6.5452,-4.1537,2.304
3.4262,3.1124,2.2748
2.3138,7.2759,1.975
3.1483,7.1755,2.2869
4.1523,8.8048,3.8323
3.4308,11.4408,4.6007
0.8982,8.0752,2.3145
-1.841,-3.0136,-2.2832
-3.8929,-15.4809,-6.5574
-5.4962,-21.2788,-8.5121
-5.8584,-17.7121,-7.4453
-3.2862,-9.9796,-4.1825
2.0483,-3.9184,-0.4244
7.5045,1.7239,2.9814
9.8386,8.0978,5.2637
6.9977,8.2792,4.2577
-0.0771,-1.4081,-0.5403
1.4256,3.8337,1.9236
-4.5193,3.2063,-1.229
-4.8425,-0.3096,-2.6535
-3.0028,-4.3704,-3.0098
-4.004,-5.7965,-3.6005
-5.1107,-4.9439,-3.4576
-1.9415,-3.2928,-1.0417
3.4473,-1.0235,2.3641
7.3925,2.136,4.4543
9.5719,5.847,5.3199
8.9456,9.2954,5.9866
4.1812,11.4779,6.044
-0.674,10.9071,4.821
-1.1085,7.0772,2.5322
-0.6035,2.6288,-0.3578
-3.9895,-0.3673,-3.1892
-7.6014,-4.7744,-5.1259
-6.1627,-12.013,-6.1042
-2.5032,-15.7901,-6.5463
-1.1009,-10.4098,-5.6122
0.3856,1.1471,-1.5056
4.9647,12.88,5.2298
8.9878,20.2536,10.2342
8.0806,18.1697,9.6485
4.864,7.239,5.6277
4.6404,-0.1329,4.2879
6.5763,5.4825,7.1152
5.0519,13.8328,8.3276
-1.0852,8.1904,3.2652
-6.797,-8.9839,-4.6715
-8.7774,-18.7561,-8.9095
-8.3174,-12.5324,-7.9241
-6.0547,-1.8988,-5.0691
-1.4631,0.547,-3.0842
2.7098,-3.2981,-2.1182
2.8837,-6.0837,-1.5802
0.7082,-5.7699,-0.9354
0.9637,-0.6288,1.0462
4.7702,11.3477,5.0779
8.2815,22.057,8.8064
7.1939,19.0583,8.5496
2.1265,5.5961,4.7948
-1.3351,-2.6705,1.9869
-0.8779,-1.8217,1.1342
-1.7602,-1.7316,-1.6234
-6.5683,-4.6525,-6.3238
-8.16,-3.1087,-6.9411
-2.0558,0.1047,-2.3145
3.6633,-6.3695,-0.0534
1.1073,-17.7996,-3.8195
-4.5843,-15.9576,-6.6835
-4.3756,0.0392,-3.0081
1.3783,11.4696,3.0695
5.7651,9.8858,5.8221
5.1125,4.2435,5.3371
1.9444,1.4184,4.0535
1.1549,1.7037,3.4183
3.3784,5.3792,3.7141
2.9434,7.5955,2.6066
-2.8623,1.0033,-1.8597
-6.4424,-7.6472,-5.3202
-1.0314,-3.5989,-2.3194
6.7714,10.0262,3.5228
6.8777,14.8095,4.5145
0.7519,5.1916,0.8032
-3.6561,-6.1287,-1.9178
-3.5797,-9.01,-1.6086
-0.9333,-6.7979,-0.1192
1.5555,-7.0421,0.4422
1.0793,-9.7604,-1.1499
-1.5228,-7.6163,-3.1499
-1.1986,2.3039,-1.5506
2.8739,10.8559,3.1783
4.7134,7.6358,4.9438
1.7028,-3.2941,1.3509
-0.9764,-8.2772,-2.1527
0.0383,-3.1332,-1.175
0.6888,3.454,1.1318
-2.1193,4.4747,0.5151
-3.9109,1.9555,-1.1839
0.1931,0.519,0.3747
6.8973,1.4329,4.8933
8.7336,2.6629,7.5428
4.0786,2.3571,5.3539
-0.7915,2.6274,1.467
-0.0655,5.7813,0.7587
3.0825,6.5054,1.6933
0.8292,-2.0888,-1.5731
-5.92,-14.0359,-7.7748
-7.1629,-15.5332,-8.1818
0.3109,-5.0614,-0.5534
7.164,5.1636,6.339
5.4697,7.3601,5.7032
-1.0321,4.5585,1.3586
-4.0109,0.5975,-0.1962
-0.9633,-3.1589,1.176
4.4218,-3.0437,2.425
7.9438,2.9523,3.5987
7.6126,8.4715,5.4366
3.3737,6.1258,5.1202
-2.1904,-1.2709,0.658
-4.8939,-5.2493,-4.0262
-3.6388,-4.0799,-4.3101
-1.5228,-2.9641,-1.7452
-0.6881,-3.9794,-0.4565
0.197,-2.8742,-0.2155
2.2407,2.8805,1.6642
3.8716,8.3097,4.1732
3.2391,7.6578,3.6794
1.0136,2.8786,0.3621
0.1152,-0.1742,-1.0879
2.5952,0.8386,2.0014
6.2927,5.7114,6.4141
5.7717,11.3126,6.8075
-1.681,7.828,1.2123
-11.3493,-10.0146,-7.0676
-14.2828,-27.5136,-11.3251
-6.8498,-25.0971,-7.296
4.0866,-7.1108,1.1571
8.8927,5.5122,5.8551
6.6601,6.177,4.5769
3.7263,4.9491,2.2908
3.0284,7.0752,2.5527
2.3595,8.7597,4.0855
1.0911,8.4097,5.1357
0.8135,7.5626,5.2678
0.9741,5.1907,3.6868
0.1249,0.1049,0.1768
2.0584,2.8741,2.0645
-4.6398,2.221,-1.1434
-9.6111,-7.566,-6.9344
-10.8595,-21.5341,-11.8654
-7.082,-23.868,-10.3662
-0.2459,-9.3215,-3.1102
4.533,7.7334,3.4395
5.0011,14.8314,6.2547
4.658,16.7795,8.2604
5.591,18.1287,10.1104
4.8453,12.2236,8.2322
2.4231,0.6265,3.6188
3.0697,-1.7428,2.2236
6.0892,7.6482,4.3375
4.8987,12.594,3.8903
-0.872,4.3425,-0.863
-4.3448,-7.6718,-5.1364
-3.3117,-13.5362,-5.9276
-2.7598,-13.8529,-5.3567
-4.727,-12.5195,-5.3513
-4.534,-9.9326,-4.0079
0.3152,-4.7073,0.4595
4.547,2.4949,5.131
3.4796,8.5896,5.9864
1.3306,11.3021,4.3815
3.8822,11.8654,4.7221
7.8765,13.165,7.0599
6.7819,15.0379,7.4116
2.6301,13.9094,4.5088
2.1364,8.7458,1.3517
4.4935,3.5165,0.1921
2.8057,0.6634,-0.2098
-4.3584,-3.8374,-2.0237
-11.1443,-14.4975,-5.5756
-12.4626,-26.1706,-8.5615
-7.5841,-25.7481,-7.0779
1.0491,-9.9562,-0.6294
7.6996,6.1783,4.5686
7.4607,10.3134,3.5295
3.6482,10.2063,0.9557
3.3416,15.4611,3.2054
5.0668,18.6165,6.7318
1.5467,9.4832,4.2755
-6.1538,-7.2517,-2.823
-9.3379,-18.6445,-7.2897
-5.5799,-17.8435,-6.4188
-0.7415,-9.5645,-3.4547
1.6683,-3.8406,-1.4088
3.465,-1.8184,0.1194
5.3305,5.393,2.6314
5.0269,17.0954,5.2595
1.415,17.2763,4.7589
-3.613,1.043,0.1719
-6.073,-10.9081,-3.7384
-3.246,-2.2821,-2.0125
1.4262,10.9438,2.0324
1.0586,5.4255,1.0147
-3.553,-10.8219,-3.539
-3.3684,-12.0928,-2.6379
3.4149,2.3313,4.039
6.222,9.1748,5.8486
-0.4703,0.1153,-1.4596
-7.0961,-8.8461,-8.6933
-4.9132,-5.7202,-7.6076
1.115,3.645,-0.9655
3.3746,9.8764,4.6045
2.3204,10.2676,5.968
0.1336,5.0673,2.7727
-3.7627,-4.2205,-2.8677
-7.4156,-12.7511,-6.5894
-6.8625,-14.6927,-6.2131
-2.5425,-8.5222,-3.7014
1.5868,0.3427,-1.4651
3.4242,3.8847,-0.361
3.5911,2.2714,-0.3355
3.3407,5.2998,0.207
2.6358,15.0342,2.6699
-0.2344,16.9998,4.3364
-5.3651,1.6173,1.1498
-8.8229,-18.0483,-5.2697
-7.1765,-23.8888,-8.8971
-2.6139,-15.1935,-7.2009
0.3719,-2.6716,-2.9596
1.3846,7.5171,1.1177
3.1287,15.3127,5.0549
5.5098,19.9276,8.3073
5.2618,17.813,7.9085
1.3109,8.0001,2.6058
-3.51,-3.3349,-3.8732
-6.2611,-9.0514,-6.8498
-6.0282,-9.702,-5.9585
-3.0305,-9.2109,-3.9051
0.8316,-6.9431,-2.3678
2.0528,-1.8217,-1.3692
-0.3401,2.373,-0.8019
-3.0213,2.381,-0.9196
-3.4491,-0.1284,-1.8732
-2.9718,-2.4945,-3.0697
-2.8119,-3.5558,-3.3255
-1.7697,-2.2292,-2.1956
0.424,0.7617,-0.4456
1.8286,1.3404,1.0689
1.2069,-2.071,1.8639
-0.4693,-3.6326,1.5926
-1.1644,2.4014,0.7842
0.1217,11.0189,0.4507
1.2538,10.4235,-0.4981
-1.1174,-2.0158,-4.2383
-5.2489,-13.1634,-8.3088
-4.3276,-8.9384,-6.3018
2.9392,6.1674,2.0493
7.6955,13.3057,7.9617
3.0617,4.1114,5.2935
-5.3066,-9.2638,-1.3215
-7.5227,-11.7044,-4.0434
-2.8503,-3.1016,-1.8203
1.4129,4.9162,0.5029
1.0254,4.8719,-0.2885
-0.6526,1.34,-2.0258
0.2235,1.2392,-1.6861
1.066,1.7487,-1.2404
-1.5004,-2.9143,-3.8398
-3.5698,-8.5772,-6.4322
-0.8235,-8.8727,-4.4269
1.9363,-8.3358,-0.739
-0.5081,-11.7373,-0.5333
-3.0077,-11.0031,-1.6475
-0.0955,0.0895,-0.1306
4.3119,8.1845,5.4884
0.7684,9.7471,4.2869
2.7407,1.3839,2.7718
6.6647,-4.3678,2.7828
5.8039,2.0804,4.1454
0.0664,6.327,2.9363
-5.0049,-2.9294,-1.6963
-5.3123,-13.0167,-4.3225
-1.4741,-11.4865,-1.5627
2.803,-4.1267,2.6426
4.8846,2.9173,4.7249
5.8768,12.812,7.0107
7.6616,23.2716,10.8981
8.506,24.1097,12.0942
5.1625,12.3663,7.2298
-1.0749,-2.8704,-0.2034
-4.1539,-9.2824,-3.5234
-0.663,-2.9203,-0.3758
4.7256,5.065,4.0901
4.6386,1.8296,3.1158
-0.4872,-4.9674,-1.7206
-2.7563,0.9409,-2.3235
0.6568,11.5611,2.1901
3.1551,6.4349,3.8945
1.2085,-5.8336,1.4654
1.4059,0.6048,3.376
7.4657,19.5689,10.7907
10.7957,21.4186,12.8552
4.3528,5.9645,5.2655
-4.3296,0.2035,-1.9809
-5.1748,8.9261,-1.5668
-0.7273,10.9859,0.9671
0.914,-1.4281,-0.8891
-1.4341,-15.532,-5.3531
-4.441,-21.4446,-8.0652
-5.8668,-17.7736,-7.0003
-3.5819,-6.287,-1.7435
2.7499,4.718,5.0241
8.6488,7.5199,8.5006
10.0271,8.549,8.2652
8.8051,17.4275,8.6347
8.5533,28.2111,11.1029
8.0357,27.9547,11.7187
3.1234,14.8176,6.4203
-5.9893,-3.073,-3.6739
-12.929,-17.4191,-12.3607
-12.7879,-23.6798,-14.3554
-8.4421,-22.057,-10.9547
-5.0506,-16.198,-7.2192
-2.5831,-9.3743,-5.0025
0.9633,-2.8966,-2.5746
4.0395,2.5397,0.6159
4.4343,5.4584,2.8297
3.1938,4.3654,3.042
2.2634,0.9573,2.5186
2.0875,0.2192,3.1316
2.6477,4.6444,4.86
3.2483,10.8376,5.5136
2.1062,12.6494,3.3465
-0.4855,6.0036,-0.529
-1.245,-5.6165,-3.1661
0.4025,-10.8658,-3.2595
-0.175,-4.7384,-2.9268
-5.2773,1.2856,-4.7152
-9.3688,-3.1914,-7.0193
-6.7906,-9.7429,-5.9857
-1.0726,-7.6664,-2.5803
0.2304,-3.5135,-2.0587
-2.8843,-6.8884,-5.2609
-4.2737,-13.1129,-7.378
-2.7828,-13.4419,-6.1138
-2.6334,-7.7317,-3.7413
-3.354,-0.8119,-1.4791
-0.3534,2.4047,0.9355
4.2526,-0.2034,1.705
3.3966,-3.358,-0.6068
-2.4213,-0.5013,-3.7349
-5.9069,3.8697,-5.1778
-4.6494,0.7123,-5.0632
-2.2863,-6.5733,-3.7612
-1.4045,-8.0781,-2.1749
-2.2308,-6.4051,-3.6554
-4.0143,-9.9467,-8.638
-4.3096,-13.2769,-10.5644
-1.8895,-7.7742,-5.4156
-0.1296,-2.015,0.2627
-1.3855,-5.169,0.2066
-1.4378,-5.7113,-0.8171
2.5491,5.8075,2.427
4.5319,14.3599,4.5258
-0.3322,6.4552,0.0016
-6.0559,-6.3644,-5.9457
-6.3104,-10.543,-7.5144
-4.8606,-11.4654,-8.0575
-6.1509,-15.9582,-11.0519
-6.31,-16.8985,-11.8818
-2.1367,-8.2786,-6.757
1.301,1.1511,-1.1734
-0.211,0.7601,-1.3315
-2.1098,-5.3483,-3.4588
0.4953,-5.2418,-0.5069
3.6556,1.9853,4.9332
1.4146,5.5487,4.3595
-4.1033,0.5445,-2.84
-7.0715,-5.8584,-9.2688
-6.7403,-7.4202,-10.5957
-4.8931,-5.9542,-7.9707
-1.049,-4.0147,-3.1608
3.7816,-2.0084,1.3358
4.9203,-2.3788,1.6318
0.0392,-6.4885,-2.9171
-6.8224,-9.8243,-8.0606
-9.4505,-8.6716,-9.7245
-6.4302,-6.9137,-7.8408
-2.6311,-8.7186,-4.8156
-1.8599,-9.741,-1.992
-0.8099,-3.6649,1.4822
4.1978,5.8453,5.5121
8.6719,8.6562,6.5595
6.1821,3.4915,1.9947
-0.9301,0.0175,-4.5037
-5.2873,2.6188,-6.9731
-5.6372,2.8369,-5.5804
-6.6474,-5.8782,-5.5153
-9.6386,-16.2918,-8.27
-10.659,-17.9903,-9.7799
-7.0951,-10.8437,-6.912
-0.5048,-0.7017,-0.8317
-0.5014,-3.7972,-0.8529
0.7447,-13.8853,-1.5386
-0.1822,-9.4057,-0.2751
-3.0934,1.8262,0.5147
-6.0034,0.3895,-2.7144
-6.8394,-13.8802,-7.8309
-5.5257,-21.1645,-9.2135
-4.5852,-15.1802,-6.9601
-4.8352,-10.4009,-5.7493
-2.3551,-10.0953,-4.4317
4.8718,-0.7816,2.1486
10.2169,14.7651,10.2289
6.6901,16.547,9.8893
-0.2898,5.2799,2.8739
-0.2042,2.1065,1.209
4.0566,8.0439,5.4282
1.2089,4.3159,3.8242
-6.7415,-9.2431,-4.8675
-7.7881,-15.8326,-9.682
-1.9544,-13.8158,-7.699
0.1669,-12.7535,-5.7786
-3.6159,-11.0404,-5.8058
-6.3302,-4.1916,-4.4285
-4.49,1.3244,-1.6797
-0.2188,0.112,0.5968
3.5406,-2.839,2.3723
4.0262,-3.7906,2.6471
0.4222,-6.2794,-0.2574
-3.3973,-10.4903,-3.9831
-2.8057,-7.8352,-3.428
1.8065,7.3788,2.609
7.0267,25.5824,9.6478
10.3921,30.0666,12.4046
9.4088,18.1449,9.4961
2.7977,3.7172,3.6337
-5.0541,-3.6715,-1.5932
-7.884,-8.8072,-4.8706
-6.0056,-15.6509,-6.8947
-3.9918,-17.309,-7.4129
-2.7422,-8.5403,-5.0938
-1.0512,2.7751,-1.3701
-0.3562,4.0911,-0.5414
-1.6845,-6.0291,-3.3928
-3.0346,-14.944,-4.938
-2.8319,-10.6571,-1.7691
-0.7484,3.1023,3.1495
3.41,13.4755,5.9069
6.3945,15.5957,5.9188
3.0488,11.4731,2.8996
-4.0375,0.668,-3.0774
-5.6312,-12.4197,-7.6255
-0.1947,-14.282,-6.0151
4.0619,-1.2086,-0.6218
3.4445,11.6082,2.8156
2.8695,12.0137,3.8318
4.4603,6.4863,5.3947
3.9527,5.1573,7.0612
-0.1878,5.6313,5.877
-4.1056,-0.1434,1.219
-5.6762,-10.9675,-4.5691
-5.9794,-16.1016,-8.0734
-4.4488,-10.0534,-7.0234
-0.3893,-1.4455,-3.2038
2.4504,-1.0228,-1.6792
0.5592,-5.6588,-4.1356
-2.3782,-4.0078,-5.6069
-0.4776,4.9604,-1.5561
5.0506,10.785,4.9912
8.0534,8.3772,7.7779
6.011,3.595,5.3791
1.3891,0.9039,1.0014
-2.2828,-0.7157,-1.7036
-1.9016,1.7791,0.1655
3.9559,13.0325,6.898
11.8773,25.7269,13.7831
14.5968,26.1559,14.9708
8.4038,14.2434,9.8802
-1.8012,2.4708,2.4051
-7.9851,-4.2691,-4.5959
-8.5688,-11.9786,-10.4185
-7.8903,-20.8239,-13.5971
-7.0068,-21.4131,-11.9993
-2.742,-11.7145,-6.6068
3.7567,-2.7338,-1.7649
6.7851,-0.2473,0.595
5.5874,4.445,3.5258
4.8099,15.3379,8.4239
4.9428,19.254,10.3931
2.4952,8.141,6.1402
-0.1568,-1.8049,1.6596
2.8107,5.6548,3.5081
7.8603,17.8831,7.0072
5.8062,13.886,4.1201
-1.0997,-0.2668,-1.6413
-1.9909,-5.0231,-1.7261
2.781,-1.8043,1.0967
2.6123,-3.4226,-1.4292
-3.091,-5.5725,-6.1233
-4.0909,1.6558,-3.9311
1.3805,9.7321,2.6805
3.7768,6.0405,3.9077
-0.2878,-3.7231,-0.4742
-2.829,-7.406,-2.4208
0.9678,-4.3929,0.4527
5.8825,1.1121,3.9077
7.3111,9.4295,6.1494
7.6473,19.216,8.3585
8.7223,23.1791,9.1803
7.3233,16.7841,6.1183
1.983,5.6051,0.7078
-2.8887,-1.2583,-2.8731
-3.4072,-2.7961,-3.4844
-1.8807,-5.8202,-3.8087
-2.5244,-13.4166,-5.7231
-4.5571,-19.2813,-7.301
-3.3802,-15.2716,-5.0793
2.0535,-1.2667,1.2798
6.7353,13.8121,7.3259
6.2418,19.8442,8.1762
3.0045,14.7477,4.576
2.4885,5.9448,2.0619
4.8666,1.7244,3.2697
5.0791,2.7962,4.6056
1.3614,4.8105,2.7143
-1.5169,6.0416,0.0863
-0.1899,7.0339,0.1639
1.71,5.7515,1.1906
0.6087,0.6766,0.4112
-1.6202,-8.4271,-3.3421
5.3049,8.9178,5.5543
4.279,3.9567,3.9613
-2.1153,-8.4376,-2.6642
-5.2283,-8.2736,-4.3488
-2.3891,-2.8824,-2.0814
1.1484,-3.5163,-1.6931
0.681,-5.0548,-3.1722
-2.9239,-3.7646,-4.0632
-5.6407,-6.2978,-4.6802
-4.5367,-13.7567,-5.1135
-1.2752,-17.2819,-4.0751
-0.9825,-12.7901,-2.6454
-4.584,-7.7705,-3.5629
-6.4636,-10.81,-6.7381
-3.8454,-19.3175,-9.2318
-0.9548,-20.804,-8.4052
0.3276,-7.9555,-3.4682
4.0387,11.2932,4.0316
10.6068,24.7731,11.1554
13.6401,30.0884,15.5949
8.9352,27.9036,14.9712
-0.5469,14.517,6.9707
-8.9862,-5.7804,-5.1928
-12.3898,-18.3745,-12.7219
-10.573,-19.5403,-12.1513
-7.1081,-20.5495,-9.439
-5.4777,-25.8955,-9.266
-4.7901,-26.9522,-8.9028
-1.772,-17.3085,-5.4133
3.2098,-0.7932,-0.7803
5.5842,12.4947,1.9473
3.1188,13.6563,2.2353
-0.5541,4.0403,1.2655
-1.3507,-4.9029,0.2771
-0.1086,-4.9784,-0.0859
0.4906,1.0619,0.5743
0.7185,7.1857,2.7583
2.0656,11.759,5.94
3.411,14.3374,7.4333
2.2777,11.3271,4.5616
-0.7679,1.0448,-1.1993
-1.9854,-10.081,-4.7288
-0.1976,-12.9038,-3.5914
1.0356,-5.4393,-0.6424
0.0664,5.6442,1.124
-0.1769,9.6615,1.1885
0.0299,0.5655,-1.3816
-3.3451,-13.0863,-6.0965
-7.4336,-15.736,-7.746
-4.5323,-7.0559,-3.2443
3.2033,-0.5579,2.2628
5.8857,0.5039,3.7065
2.213,3.7721,3.3666
-0.5608,8.0126,3.8924
0.2541,7.1903,3.6727
2.08,7.1847,3.2388
4.108,13.9113,5.3064
5.2151,14.8512,6.4091
1.6291,-1.7082,0.4312
-5.9973,-20.4213,-9.0272
-10.0471,-19.4985,-11.8775
-5.4382,-4.7315,-6.1288
3.763,4.8971,1.6907
9.7089,8.7515,7.3516
9.0146,14.226,10.1919
4.1957,15.1891,8.3708
-1.0043,5.8181,1.8122
-4.7953,-4.2743,-4.1267
-5.8704,-6.951,-4.6128
-3.6858,-8.3028,-2.1318
-1.0834,-13.4705,-2.378
-0.7737,-15.0969,-5.0712
-0.3968,-4.3308,-4.1944
2.6651,14.318,2.0936
5.8247,23.7752,7.7132
6.1688,13.7855,7.4207
4.7786,-2.7523,3.691
2.8946,-5.2595,1.7206
-0.0023,5.416,2.4286
-2.9017,11.1815,3.3648
-2.9019,6.1487,3.3337
0.7171,1.7847,3.4038
4.2814,3.9996,3.753
3.4554,3.6618,1.9942
-0.849,-4.8935,-2.5547
-3.088,-9.9007,-5.1734
-0.3818,0.8441,-1.5305
4.1544,17.2631,4.7262
5.7918,17.6509,5.9931
2.8546,-0.9526,0.9084
-2.3296,-17.8656,-4.1209
-5.0411,-14.9829,-3.0379
-2.6399,1.9659,2.7375
1.6668,12.6929,6.3476
2.4898,8.4298,4.3992
-0.5154,-0.4494,0.5821
-2.688,-3.48,-1.1086
-0.7292,-3.334,-1.327
3.9666,-5.027,-1.2494
6.7462,-5.583,-0.2513
3.7293,-1.7122,0.4526
-2.8389,1.7484,-1.3798
-5.6912,-1.547,-4.2619
-2.5691,-7.8279,-4.5436
0.8207,-5.5764,-1.2009
1.4873,7.5353,4.1735
3.2695,17.7808,8.8607
6.5613,13.2639,9.4247
5.5262,1.0942,5.101
-0.3837,-3.0082,0.6006
-3.4673,3.7648,0.8284
-0.2739,8.6399,3.4476
2.6223,0.4788,1.7326
-0.773,-14.2738,-5.0065
-6.8006,-18.2171,-9.53
-7.9455,-8.3005,-7.2364
-3.1639,-1.3662,-2.3446
2.201,-5.4908,0.138
4.4629,-6.0485,1.5523
4.7026,6.1155,4.2033
4.6724,16.4057,6.1027
3.9483,11.2659,5.0927
1.4302,-1.1074,2.0555
-2.5768,-6.8886,-1.5935
-5.6922,-5.0601,-4.4534
-4.8858,-1.8571,-4.0627
-0.0364,0.0174,0.0838
0.8245,3.6883,1.5808
-0.8928,10.6073,5.4932
1.8554,18.9025,9.4635
6.3399,24.0744,10.9579
6.1656,18.481,7.0367
0.6836,3.7897,-0.3702
-3.8345,-6.4594,-4.9907
-3.3755,-5.1414,-4.2773
-1.5788,-2.3491,-2.4897
-2.962,-7.8616,-3.0456
-5.0408,-14.46,-3.2186
-2.2756,-9.6395,0.2301
4.0532,4.5616,4.7891
6.1165,12.7209,5.0361
0.9842,5.2194,-0.1221
-4.149,-8.3966,-5.0884
-1.9807,-9.3378,-3.283
4.7491,7.0952,4.7955
8.256,25.2262,11.472
6.7497,28.7698,11.0913
4.3534,18.4726,6.0082
2.2699,4.9373,0.9796
-2.7777,-8.0985,-4.0412
-10.204,-23.3543,-10.5076
-12.9981,-35.6303,-14.4335
-7.7967,-31.8104,-10.5116
-0.6801,-10.5883,-1.4291
2.8837,11.5609,5.2513
6.2523,22.1806,8.4544
12.3822,25.4879,12.3035
14.9816,26.2264,14.8144
8.4158,19.6688,9.6824
-1.5151,5.2178,-1.0592
-6.5794,-7.6748,-8.2061
-8.1405,-13.1229,-8.8694
-10.7231,-15.0518,-8.0575
-11.4309,-16.841,-8.0199
-5.5675,-14.6603,-5.737
3.2243,-5.296,-0.5542
7.241,5.0665,3.3332
5.1137,7.4065,3.0281
1.4778,3.2529,0.8401
0.1133,1.5859,0.6638
1.949,4.3526,3.3275
5.5335,7.0976,6.6816
6.8175,10.0695,8.2627
2.9142,14.7543,6.7541
-3.5585,13.8455,2.0049
-7.4649,0.0698,-4.4696
-6.448,-16.5895,-8.4195
-1.5699,-16.7943,-5.6667
3.1703,-1.1545,0.8554
2.3795,5.5312,1.686
-4.1858,-9.6285,-6.0977
-9.0182,-26.0728,-12.8059
-6.8583,-22.0121,-10.1471
-2.6182,-7.1916,-3.0968
-1.9512,-0.3173,0.664
-0.3127,3.6293,3.6755
8.4105,16.9841,11.001
17.9803,31.6101,18.1677
16.9233,32.5683,17.2302
6.4316,21.7344,8.9846
-1.6372,9.5186,0.708
-3.0406,-1.0763,-4.0033
-4.2234,-10.0003,-6.5397
-7.7113,-13.1328,-7.6455
-8.2545,-9.0947,-6.5175
-4.7888,-5.4884,-4.4676
-3.5291,-10.2531,-4.4178
-6.4347,-18.3647,-5.9547
-6.905,-15.9911,-4.9557
-0.461,-0.8031,0.1776
7.8535,12.9988,5.6087
10.5733,15.0281,7.3964
7.299,10.716,6.1901
3.1914,7.617,4.4973
0.9703,4.0733,2.4217
-1.4908,-2.565,-1.4099
-6.2454,-8.6466,-6.3644
-11.0577,-11.1133,-9.5411
-11.325,-12.4298,-8.8893
-5.8481,-13.0316,-5.1993
0.5847,-7.7667,-0.9329
2.6469,3.4248,1.8868
1.6417,11.3193,3.0066
2.6613,10.8179,3.7708
5.5021,6.6372,4.621
5.4984,2.2483,3.8264
2.7214,-1.4054,1.2596
1.4302,1.6284,0.3696
1.107,12.6901,2.3191
-1.9054,18.5505,2.9797
-5.4081,8.5586,0.0171
-4.8287,-8.8302,-3.4488
-2.8185,-18.9032,-5.2796
-4.1804,-17.4533,-6.6325
-5.233,-8.1716,-6.1842
0.443,4.2818,-0.4677
9.2624,13.9454,8.1407
11.224,14.1491,11.1073
4.5822,4.3378,4.9663
-1.9967,-4.35,-2.2073
-2.5817,1.1362,-1.3585
-1.3447,15.2525,4.043
-3.3331,16.3094,3.8956
-5.5146,-1.3249,-1.8807
-3.5794,-16.255,-4.5168
-0.5921,-13.7501,-2.2968
-0.7276,-6.7295,-1.7577
-1.3491,-7.7646,-4.1525
0.8299,-6.8047,-3.8881
3.3695,4.9979,0.3112
4.1854,15.5151,4.0305
5.3222,14.6869,5.8405
6.5815,13.0944,8.058
4.6941,18.8207,10.0553
0.453,18.0809,8.0733
-2.411,-0.3054,1.4878
-4.407,-19.4818,-5.2871
-7.8391,-17.7362,-8.0467
-10.1938,-4.3684,-7.6019
-7.5863,-5.0023,-7.1253
-1.6344,-18.166,-6.1854
2.6849,-17.6555,-1.9677
3.3025,1.5134,3.7937
1.7432,12.3714,5.031
-0.2495,0.4256,0.0631
0.0581,-5.3198,-1.4308
1.7287,4.6955,0.7384
2.1418,8.823,2.291
1.8636,7.4709,3.2481
2.0939,3.9451,3.3555
2.9237,-0.2927,2.2486
3.1563,-4.3174,0.3895
1.1931,-6.3883,-1.603
-3.1117,-6.116,-3.4446
-7.1416,-5.3278,-4.4194
-7.3114,-5.5143,-3.7003
-2.955,-6.1045,-1.7825
2.0735,-6.5813,-0.6856
3.2793,-7.6261,-1.8462
1.2286,-7.7175,-3.7079
0.2382,-3.8154,-3.5405
1.1631,1.2336,-2.0054
0.9045,0.5015,-1.8269
-0.9949,-4.7143,-2.2884
-2.139,-6.1124,-1.0595
-2.4072,-3.6895,0.2304
-2.3983,-4.5349,-0.5377
-0.2519,-5.4358,-0.2267
3.8613,3.3063,4.0698
5.6292,14.4007,7.853
3.3598,9.0099,5.2519
0.3173,-9.0087,-1.3012
-1.5272,-13.6247,-4.5242
-3.4535,0.3889,-3.1816
-5.4245,7.3244,-2.7418
-4.7439,-5.5534,-5.2625
-0.0347,-16.8094,-5.5577
5.1955,-8.0363,-0.4312
5.0127,6.9726,4.605
-1.235,7.0893,3.1706
-7.0691,-5.0287,-2.6643
-7.5909,-13.233,-6.5756
-4.5441,-11.8955,-6.387
-0.2965,-5.027,-3.1391
5.507,4.938,2.6347
10.9013,15.2725,8.7986
10.7392,19.3851,10.5748
3.5826,12.9809,5.7116
-4.8696,-0.6549,-1.9431
-7.317,-12.5105,-6.1132
-3.059,-14.3621,-4.6143
0.7183,-7.6047,-1.6465
-1.968,-2.3845,-2.2232
-6.9385,-2.7687,-4.5561
-5.4278,-1.4584,-2.5644
2.3173,5.8964,3.7319
7.1756,12.5455,7.3527
4.9419,10.2294,4.6479
0.8883,-1.0695,-0.5983
-0.0496,-12.3816,-3.4399
0.6809,-13.1225,-2.77
0.0469,-3.2006,-0.7066
-1.5373,6.53,0.3985
-1.5209,8.9276,0.7126
0.5386,6.4859,1.7374
1.6048,3.0415,2.3951
-0.7586,0.145,0.0569
-3.9944,-1.7916,-4.2638
-3.2805,-4.5511,-5.8952
1.8412,-7.2847,-2.0991
6.8662,-2.9119,4.8649
7.8259,9.5083,9.8726
4.8122,17.4405,9.375
1.1473,13.1075,5.1016
0.3256,6.411,2.4157
2.0985,6.2702,2.9417
2.2086,4.713,1.9729
-1.683,-5.44,-3.3312
-5.8524,-13.2155,-7.8534
-5.2104,-7.5121,-5.9618
-0.3015,1.7943,-0.5725
3.3686,-0.1364,1.4801
2.4498,-8.2137,-0.3848
-0.4112,-7.2053,-1.0252
-0.7256,3.4178,2.0513
1.6948,10.2315,5.6074
2.8496,5.9136,5.276
0.7405,-1.2224,1.3931
-1.237,1.7189,-0.7387
0.4187,13.6474,1.8167
3.3557,18.8256,4.6653
3.2914,9.3943,3.1689
1.1481,-2.8941,0.1895
0.7042,-5.3356,0.299
1.8517,-1.2123,1.568
1.5843,-0.0404,0.1051
-0.4616,-3.1587,-2.2675
-1.7083,-5.3524,-1.3679
-0.6489,-3.0532,2.0713
1.5317,1.953,3.831
2.7976,4.9636,2.606
2.339,5.2781,0.9147
1.349,7.0076,0.9801
1.9901,9.696,2.5538
4.2489,6.8712,3.8335
4.6626,-1.2413,2.9939
0.7537,-5.154,-0.091
-4.809,-1.6163,-3.3564
-7.305,0.4756,-4.7553
-5.1601,-4.1619,-3.8735
-0.294,-6.7522,-0.8228
4.1403,1.1072,3.7272
5.6083,11.1194,6.9134
4.1199,9.5673,5.9195
2.6256,-0.0693,2.5981
3.7205,-2.0121,1.6231
5.4182,6.2502,3.2237
2.6553,10.4987,2.6036
-4.6861,2.1939,-1.9848
-8.9088,-10.5138,-5.6971
-4.4549,-14.8797,-3.9778
3.3337,-6.6659,1.1773
5.4034,7.0857,4.1339
0.9729,12.9736,2.067
-3.3355,4.7126,-2.5543
-2.7872,-6.3617,-4.3086
1.6865,-4.5896,-0.2199
6.4792,7.1559,6.4211
8.7275,13.0181,9.6139
7.743,9.227,7.7948
4.8786,4.8839,4.2851
2.0627,2.9856,1.7443
0.0271,0.0099,0.0691
-1.4075,0.2808,-0.5935
-5.304,3.4692,-2.671
-5.5986,5.6974,-3.187
-3.4004,3.3134,-2.5278
-0.9257,-0.6664,-1.1566
1.6902,1.7634,1.127
3.8722,8.3326,3.4454
3.8698,8.9135,4.23
1.0029,2.6272,2.7339
-3.817,-3.3527,-0.914
-7.9958,-7.4136,-5.1374
-8.4274,-11.415,-7.1731
-5.5092,-12.1715,-6.1228
-2.2184,-6.8595,-3.3322
1.5532,0.8765,0.7752
6.5525,6.8339,5.4945
8.1017,9.6746,6.6483
1.9834,7.8956,1.3784
-6.6728,2.6892,-5.3533
-8.8752,-0.2056,-5.9795
-3.2988,0.9054,-0.616
3.0932,0.8038,3.8214
3.8926,-2.7172,3.2697
-0.4684,-5.4899,-0.0141
-5.0105,-4.489,-2.5067
-6.2901,-0.8641,-3.1579
-4.3285,2.1748,-2.5052
-1.0134,0.9589,-1.6016
0.9787,-3.6834,-1.3333
0.4341,-5.1218,-1.2618
-0.7162,-1.8949,-0.9457
-0.9722,-1.4668,-1.6554
-1.5134,-5.0963,-3.1109
-1.8912,-3.6263,-1.5532
0.402,4.2648,3.7472
3.9974,8.1418,7.0419
4.9762,5.4022,4.95
3.9968,5.4039,2.3322
4.1243,10.5338,3.547
4.2552,10.1106,4.8975
1.8701,-1.8833,1.6313
-2.101,-13.8975,-3.81
-5.8864,-11.1697,-6.1779
-8.6511,1.0228,-5.2591
-8.0993,4.2087,-4.0571
-3.0794,-3.4826,-2.8626
2.0823,-6.7827,-0.4634
2.962,-2.0668,1.86
2.2957,0.5746,2.6421
4.3524,0.8143,3.1235
6.037,5.118,3.6665
2.1503,7.2815,1.7769
-4.824,-1.294,-3.0036
-8.2061,-11.4326,-6.5788
-5.6954,-8.9546,-4.6523
0.7089,2.6534,2.437
7.2166,9.8144,8.9732
8.7258,9.4612,8.9183
3.9507,8.1077,3.395
-1.0348,6.9856,-1.0137
-1.3709,0.8002,-2.7123
-1.0919,-9.7065,-5.9761
-4.9323,-15.445,-10.6202
-8.9058,-12.7322,-11.0135
-7.0547,-8.6909,-6.0573
-1.3771,-7.9197,-0.5242
2.469,-4.9221,3.116
4.0084,4.8639,6.3729
6.026,16.8102,9.6406
8.015,23.8129,11.0741
7.2238,23.2179,9.3614
3.8786,15.9671,4.947
0.8707,5.2267,-0.3049
-0.7936,-4.3752,-4.1351
-2.7365,-9.8943,-5.8276
-5.5343,-11.431,-6.6329
-7.0921,-10.0687,-7.2566
-5.4562,-7.5399,-6.4033
-1.7991,-6.5211,-3.3789
0.6183,-6.7361,-0.206
0.6384,-3.3045,1.294
0.8963,5.6068,2.4499
3.6777,13.3658,4.7372
6.9073,13.5578,6.3487
7.0866,9.3239,5.3106
4.2046,7.1992,3.0693
0.4858,7.0206,1.4311
-3.2119,4.697,-0.5047
-6.0257,0.1116,-2.9817
-5.0525,-3.3254,-3.2589
0.4903,-3.5767,-0.2579
5.3585,-1.3664,2.1313
4.0858,1.0007,0.2451
-0.6234,1.5316,-3.3255
-1.266,0.7383,-2.9425
2.937,0.841,1.6598
4.5389,2.071,4.3984
-0.1779,2.5081,1.5605
-4.7075,2.2269,-2.55
-2.616,3.2491,-2.1026
2.2308,4.1179,1.4726
2.9273,1.0144,2.4565
0.98,-3.3172,0.3692
1.7835,-1.106,-0.1784
4.0648,6.5378,1.7011
3.3265,9.5733,2.0769
1.1553,6.0808,0.0995
1.5221,3.9768,-0.9412
2.3051,4.1288,-0.5432
0.1511,0.5007,-0.6004
-1.3036,-2.9908,0.7085
1.8242,2.4669,5.2496
4.5401,10.2867,7.8179
1.1052,7.1142,3.0762
-3.9481,-1.8779,-3.9559
-3.1953,-1.7895,-4.7897
1.4251,4.2587,-0.68
2.6311,2.7115,0.7494
-1.1836,-4.0126,-2.2267
-5.0092,-4.7262,-4.9802
-3.9112,-2.1746,-4.7298
1.203,-5.2211,-2.8134
4.0384,-9.8466,-0.9328
2.0585,-6.3395,1.2238
1.6162,4.2475,4.7084
6.2727,12.0803,7.9926
7.7707,10.3071,6.8019
0.2474,0.5453,0.0842
1.8408,-2.1063,0.4796
3.5722,2.0397,0.9202
4.9527,4.8624,2.1826
5.105,2.9148,2.635
3.5761,-4.022,0.6395
0.9513,-9.4212,-2.1385
-1.8119,-8.5766,-3.069
-3.8376,-6.567,-2.8896
-4.7334,-9.9194,-4.1407
-4.9772,-15.4163,-6.5226
-4.4003,-15.1223,-6.978
-1.3843,-7.9259,-3.7602
3.6858,-0.4436,1.1659
6.8856,1.133,3.9794
6.0402,-1.3167,3.5471
3.8423,0.3991,2.8161
3.2147,8.2112,4.0992
3.9413,12.8667,5.732
4.6925,8.4877,5.6219
4.0597,2.2432,4.1369
0.8603,0.8629,1.5718
-3.0693,-0.1701,-2.3714
-3.9569,-5.1355,-5.6349
-2.176,-8.9429,-5.5849
-1.3298,-7.6467,-3.289
-0.9736,-5.4363,-1.2952
1.2026,-4.8006,0.2339
2.012,-2.5687,1.2335
-1.4388,0.58,0.4304
-3.1703,0.9181,-0.5904
2.5031,2.0708,1.8756
9.8686,8.36,6.7209
10.3095,12.2236,8.0406
3.8787,6.0357,3.4758
-4.2305,-3.0959,-2.7838
-9.8484,-7.3934,-6.218
-9.8183,-11.4411,-6.6731
-4.3016,-16.385,-5.8668
1.3643,-12.4193,-4.0291
3.1302,1.1406,-0.739
2.6934,10.485,2.8796
2.1084,8.4064,4.3567
0.9103,1.8124,2.7098
0.1453,-1.814,0.3851
1.1246,-1.3959,0.1119
1.212,1.4401,0.8867
-1.1054,4.9217,0.8182
-1.4323,6.8078,1.108
2.4668,4.461,2.5467
4.941,-0.8812,2.7822
1.9461,-1.936,1.057
-2.0178,3.2227,-0.3482
-2.6922,3.64,-1.3697
-3.2871,-6.5641,-4.184
-6.7522,-14.4603,-7.572
-8.5913,-8.8759,-7.5096
-4.3471,1.0953,-3.4356
2.0861,3.482,0.9826
4.6418,1.9638,3.37
3.9167,4.1874,4.8641
3.7052,7.5693,6.4959
4.2412,6.618,6.9186
3.3742,2.1778,4.5772
0.0238,-2.2846,0.0254
-4.7085,-4.6653,-4.1512
-6.9719,-3.1812,-5.2751
-3.7094,1.1531,-3.3957
1.6008,2.8665,-1.4056
2.9107,-0.042,-0.8004
1.3265,-1.0917,0.5257
2.351,4.1255,3.9462
4.9034,9.4083,6.64
3.334,8.215,5.6758
-1.7252,3.1257,2.2882
-4.6396,-2.3844,-1.0985
-4.0215,-8.7954,-3.9427
-2.4746,-11.4463,-5.1059
-1.2029,-3.3618,-2.9335
-0.5931,9.0197,0.4458
-1.6084,11.2489,0.9482
-3.6385,1.9536,-1.5134
-4.7212,-8.5709,-4.1072
-4.0931,-14.6667,-5.1809
-1.8407,-14.8284,-3.3234
2.1001,-5.8191,2.5596
6.1441,9.5208,9.2103
6.8451,19.7623,10.6437
3.3309,18.3883,5.8931
-0.4952,9.7224,0.0596
-1.3412,-0.4964,-3.3428
-1.3775,-9.2168,-5.668
-3.5255,-11.8695,-7.5029
-4.9112,-6.2822,-5.7736
-1.6074,0.8294,0.1961
2.4508,2.1367,5.0623
0.9785,0.5525,4.9414
-2.0892,2.1382,3.6932
1.2763,5.1829,5.5038
6.9774,5.7063,6.8387
5.0663,5.5291,3.5233
-1.8552,6.3559,-0.9328
-4.24,3.5685,-2.5387
-2.962,-5.9298,-4.0563
-3.9631,-14.6596,-6.9513
-4.7425,-12.2194,-6.3526
-1.2873,-1.2386,-1.4069
1.9872,4.5256,0.9127
0.6959,0.3358,-1.7062
-1.8854,-3.979,-2.7822
-2.3169,-1.7848,0.774
-1.1937,2.9484,4.6735
2.2349,8.2933,7.0752
8.5047,16.289,10.1746
12.0379,21.8015,12.0508
7.5951,17.1362,8.5057
-0.069,5.7328,1.9125
-2.7368,-3.079,-1.752
-1.2853,-7.7824,-2.4731
-2.6146,-11.7734,-4.4132
-7.2514,-13.1205,-7.3658
-8.8374,-7.8941,-7.4593
-4.8633,-0.5228,-4.6196
-0.1522,0.0691,-2.6376
1.3891,-4.0542,-1.9444
1.8111,-0.803,1.0866
3.2683,10.3252,6.0029
3.2679,13.0133,6.4129
-0.095,-0.256,-0.107
-0.6473,-3.7449,-1.5971
1.9343,-8.4614,-0.6415
-0.481,-12.1074,-2.4026
-2.504,-8.7404,-3.1909
1.2445,3.9063,0.6434
6.5231,15.4867,6.0292
7.9764,14.0046,8.2273
6.5002,4.2665,7.1804
3.788,1.4366,4.9985
-0.7547,6.5851,1.7428
-5.5983,5.6996,-2.8828
-7.3146,-7.0521,-7.1203
-6.0622,-22.2704,-9.4886
-5.26,-29.5606,-10.5881
-5.6651,-25.161,-10.3399
-4.3356,-11.1558,-7.1091
0.259,3.5428,-1.4336
5.6662,9.0442,3.2817
8.3194,6.1162,5.1317
6.9343,4.8034,5.6542
3.2863,10.0856,6.7198
0.4278,15.623,7.5783
-0.2996,13.4038,5.9756
-0.3231,3.7861,1.3975
-1.5995,-7.5605,-4.0998
-3.8758,-16.5938,-7.8093
-4.7286,-19.3108,-7.8031
-2.788,-11.7316,-4.2564
-0.4383,0.3696,-1.0554
-1.2184,2.4316,-2.6704
-4.31,-7.9842,-7.3168
-4.6559,-13.8405,-7.7636
0.2878,-3.5705,-1.2858
6.6498,10.8898,6.1462
8.4327,13.1595,7.9597
4.097,5.0777,4.5499
-1.936,-1.0796,0.7482
-3.8632,-0.4317,-0.1657
-0.7644,3.38,1.6157
2.2759,5.8069,3.4202
0.7632,4.2672,2.3095
-2.8258,-1.6566,-1.6185
-2.7329,-9.2054,-4.7145
0.9243,-13.1504,-4.4433
2.3289,-10.1516,-2.7087
-0.357,-2.6213,-2.1524
-2.5684,3.3057,-2.083
-1.8071,3.4477,-1.1637
-0.9474,-0.8299,-0.5127
-1.6428,-3.3447,-0.7061
-1.4673,0.621,0.3317
0.857,6.9934,3.0188
2.7779,6.8035,3.8402
1.9848,-0.17,1.0435
-0.2164,-3.8646,-1.5201
-1.0106,-0.2431,-0.3849
0.3168,2.2294,1.9944
2.1064,-0.8218,2.1874
2.5795,-1.9312,1.1377
1.2684,0.1994,0.0285
-0.9806,-4.0306,-2.4647
-2.2388,-10.9893,-4.4153
-0.6063,-2.6797,-0.7826
3.1902,18.42,6.5128
5.1547,25.5968,8.513
2.387,10.0043,2.8386
-2.5863,-6.0453,-2.6222
-4.7478,-6.038,-2.2695
-3.1526,0.2784,0.3251
-1.1555,-0.5205,0.2419
-0.7931,-6.2849,-1.6925
-0.7377,-8.396,-1.9939
0.3225,-5.0281,-0.0219
1.3943,-0.3843,1.8
0.7471,2.2594,1.4073
-1.4123,3.5015,-0.4662
-2.5186,4.961,-1.1537
-0.7088,5.1023,0.594
2.7255,2.1117,3.252
5.6662,1.0219,5.605
7.3682,8.1656,8.1526
6.3439,17.0429,9.3261
0.9151,14.4711,5.6181
-5.6859,1.7335,-1.5896
-7.0506,-8.0478,-5.96
-3.0886,-10.6981,-5.3394
-0.931,-10.7427,-3.8513
-3.3575,-7.7293,-3.659
-3.7402,0.7805,-1.7856
2.5857,10.2721,3.2955
8.828,13.1262,7.37
6.156,6.8991,5.838
-2.3332,-2.2924,0.935
-6.1286,-4.2223,-0.6832
-2.6773,3.5257,2.508
1.3117,11.7945,5.0805
1.8141,11.5929,3.2942
0.9632,2.5765,-0.4961
0.0255,-9.6447,-3.0307
-1.8698,-16.7541,-3.8989
-3.181,-13.1328,-3.5699
-1.7097,-3.1569,-1.9826
0.818,3.6207,0.5897
1.2017,3.7275,2.6912
-0.7806,-0.2197,2.0186
-3.0666,-4.3009,-1.4597
-3.1745,-3.2179,-3.0055
0.6294,6.2891,1.7728
6.144,18.9581,9.3093
7.5134,23.8242,11.287
2.9112,15.5251,5.9025
-1.9883,1.4222,-0.0255
-2.2653,-5.6502,-1.2961
-0.583,-4.1861,-0.7235
-1.9073,-5.7051,-2.77
-5.7797,-14.1901,-5.9572
-7.575,-18.8714,-6.2437
-5.3159,-15.2254,-4.6248
-1.8555,-12.0017,-4.8825
0.0666,-10.2585,-5.4097
1.4571,-0.2903,-1.366
3.769,15.8975,5.6272
5.8397,23.0018,8.8139
6.4078,15.1432,6.9034
5.9781,2.2692,4.8957
4.958,-4.8528,4.9872
2.9461,-4.2626,4.0674
0.0329,0.5097,0.292
-1.1259,2.2441,-0.4506
-0.0352,0.8893,-2.7136
-2.5835,-9.5785,-7.2492
-5.2324,-18.2887,-10.5468
-2.8966,-12.4455,-8.328
2.2277,1.6558,-2.3678
3.6459,9.4339,1.846
0.3385,6.4142,1.9313
-2.2293,-0.8607,0.6866
-0.6508,-3.197,1.9724
1.923,2.9402,5.6415
1.4949,12.1404,8.0551
-0.4978,17.7661,7.4212
0.1838,19.6714,5.4554
3.755,18.465,3.4551
5.5122,10.2941,0.6093
1.8792,-3.7753,-3.0946
-4.4332,-12.2986,-5.6063
-7.3395,-7.9279,-5.5351
-5.4913,-0.4555,-4.4549
-3.6618,-4.8577,-5.2916
-4.5546,-19.2846,-8.0211
-4.5325,-24.9083,-8.0861
-0.5697,-10.568,-2.0421
3.5431,10.7227,5.6441
2.6159,18.9473,7.169
-0.8401,14.4942,3.5639
0.6227,13.4259,3.6123
6.2965,18.9131,8.1507
6.107,17.2457,7.2524
-2.0196,3.9718,-1.8163
-5.8681,-6.11,-7.4526
0.6424,-2.0651,-2.4166
5.362,5.1304,3.5446
-2.115,-2.725,-0.8341
-13.4025,-25.484,-11.4375
-15.6455,-42.4882,-16.3978
-8.8623,-35.9869,-11.7711
-0.0815,-10.7839,-2.35
6.836,13.2432,5.9327
9.6319,23.462,9.4574
7.6794,23.1531,8.7794
6.213,21.3932,8.9176
9.9579,21.3871,12.4165
13.2734,19.2396,13.8816
7.3668,11.5112,7.7602
-4.7097,1.3064,-2.0196
-11.1496,-6.2637,-7.3993
-8.2807,-11.4702,-7.4911
-4.2675,-16.1958,-7.3513
-5.5248,-17.8501,-8.6848
-8.3755,-15.2167,-8.645
-6.6288,-12.5045,-5.7613
-0.442,-10.0288,-1.3976
5.7729,-1.6566,3.2182
9.2168,12.6891,7.3203
9.2452,23.3797,9.3212
6.0781,22.8808,8.1358
1.923,13.1755,4.9805
0.0952,3.1018,2.3835
0.8752,0.9689,1.701
1.1674,3.7712,1.5237
-1.0177,-1.8803,-1.1609
-4.5109,-18.1529,-6.4371
-6.5678,-27.0745,-9.2834
-4.7599,-16.644,-5.7372
0.3341,0.6552,0.7587
4.5689,9.1999,4.4418
5.6044,10.8551,5.4541
5.7636,12.8527,6.7543
6.1947,13.858,7.1079
4.095,10.0621,3.9552
-0.8852,2.0777,-0.7325
-4.3448,-6.4835,-3.2492
-3.8059,-11.464,-3.4479
-1.6916,-11.9202,-3.3632
-0.8134,-11.4764,-3.5913
-1.314,-11.6952,-3.3842
-1.4851,-8.414,-1.937
0.5041,0.8819,1.153
4.0579,10.9134,4.6851
5.6426,13.2935,5.7476
3.392,6.0161,3.2264
0.7251,-2.3129,0.5746
2.0512,-1.2994,1.9302
5.9315,6.4025,5.7861
6.5707,8.4224,6.7518
2.3684,2.8023,3.644
-1.9191,-1.0263,0.1301
-2.7309,-1.8108,-2.1823
-1.8087,-6.3714,-4.2894
-1.6421,-12.3656,-5.2429
-2.1444,-12.4703,-4.0536
-2.1092,-8.5981,-2.439
-0.2622,-3.7551,-0.445
3.9961,6.1856,4.4333
8.7208,17.6961,10.2326
9.9981,16.8549,10.5254
6.0414,3.6138,4.2166
-0.1555,-4.3824,-2.1497
-3.7909,-0.4757,-3.7336
-3.518,2.5198,-2.4899
-1.775,-3.1824,-1.7707
-0.749,-9.4926,-1.7415
-0.8588,-8.4508,-1.582
-1.5453,-2.5722,-1.4495
-0.6083,2.6803,-0.4597
4.0213,6.3515,3.214
9.1937,8.5665,7.985
8.5473,6.8133,9.0004
2.1875,2.1072,5.4067
-2.6694,1.2689,1.9405
-2.5708,4.6597,0.8274
-0.8954,3.2145,-0.5823
0.1262,-4.7272,-2.9089
0.9294,-10.268,-4.1258
-0.1485,-11.3176,-4.9882
-3.7755,-13.3905,-6.5975
-5.2545,-14.6724,-5.9082
-1.1313,-8.8113,-0.8179
4.6223,3.0547,5.1905
6.6194,14.7286,8.0841
4.8551,20.7415,7.6059
2.1133,16.7836,4.9327
-0.2234,4.5221,1.1716
-1.6257,-6.1869,-1.6642
-1.4241,-7.2008,-1.835
0.1964,-0.1162,0.2026
